path	sha256	content_class	observed_declaration	normalized_spdx	license_references	module_license_metadata	source_origin	modification_status	patch_ids	redistribution_review_state	copyright_notices
drivers/Kbuild	d5a5496a25bc85f7e9f91d7d3c042695e508c4e473cae5473347cd15b784f749	unclassified	no mechanically recognized declaration	NOASSERTION	-	-	Deepin innogpu-fh2m 20250421190503-debug source payload	project-modified	patch-001	blocked-unclassified	-
drivers/Makefile	9e35f6f8dfaac015210b1704daca6cda1b8ff27e07c20e41109bd79b597bb68d	dual-mit-gpl	Dual MIT/GPLv2	MIT OR GPL-2.0-only	GPL-COPYING,MIT-COPYING	-	Deepin innogpu-fh2m 20250421190503-debug source payload	imported-unmodified	-	declared-rights-review-pending	Copyright     Copyright (c) Innosilicon Technology Ltd. All Rights Reserved
drivers/README.md	9f207dc0efd23c4d8f1089f6f976ae24467cabcfb95e6f161e5f78f153659aaf	project-document	project-owned; root LICENSE scope	MIT	LICENSE	-	project	project-owned	-	project-license	-
drivers/cfg_detect.sh	b8872bbd5559db5f5ad778063ea0f3541949e1d55bc0cf208206d6c2e2727f57	unclassified	no mechanically recognized declaration	NOASSERTION	-	-	Deepin innogpu-fh2m 20250421190503-debug source payload	imported-unmodified	-	blocked-unclassified	-
drivers/dkms.conf	d0ffebdc012f7a1ad37c9494225dbbbdef5fcaa4cf0cda074f0d2b3f04ee9002	unclassified	no mechanically recognized declaration	NOASSERTION	-	-	Deepin innogpu-fh2m 20250421190503-debug source payload	imported-unmodified	-	blocked-unclassified	-
drivers/dkms.post_remove	1e11bbf92451141d08d849dbbe88fa15679418dba59368e12107bebba19756b0	unclassified	no mechanically recognized declaration	NOASSERTION	-	-	Deepin innogpu-fh2m 20250421190503-debug source payload	imported-unmodified	-	blocked-unclassified	-
drivers/dkms.pre_install	e09050a8ce9a3bd9d5e2f1cbc7af16064f768decc303778db0e5d205b0522faa	unclassified	no mechanically recognized declaration	NOASSERTION	-	-	Deepin innogpu-fh2m 20250421190503-debug source payload	imported-unmodified	-	blocked-unclassified	-
drivers/innodma/Makefile	287ef06b9a33fd83728b6ac49177eef863fa3ee905e16a9e47e15bc59170d28d	unclassified	no mechanically recognized declaration	NOASSERTION	-	-	Deepin innogpu-fh2m 20250421190503-debug source payload	imported-unmodified	-	blocked-unclassified	-
drivers/innodma/axi_dmac.h	5fdbce9bb8b86886bd10932020e9cc46c884227598195934bbf244d35b75eb1d	dual-mit-gpl	Dual MIT/GPLv2	MIT OR GPL-2.0-only	GPL-COPYING,MIT-COPYING	-	Deepin innogpu-fh2m 20250421190503-debug source payload	imported-unmodified	-	declared-rights-review-pending	Copyright      Copyright (c) Innosilicon Technology Ltd. All Rights Reserved
drivers/innodma/inno_axi_dma_drv.c	85c28d81ea2bee24a25429c3bdd1df5f88ecc0cc6f1176b2eb29c9c090b57892	dual-mit-gpl	Dual MIT/GPLv2	MIT OR GPL-2.0-only	GPL-COPYING,MIT-COPYING	-	Deepin innogpu-fh2m 20250421190503-debug source payload	imported-unmodified	-	declared-rights-review-pending	Copyright      Copyright (c) Innosilicon Technology Ltd. All Rights Reserved
drivers/innodma/inno_axi_dma_drv.h	570c36243ef80380bd84555accfd2f217bc09f04bb46bfb662fa51fdf6c1b226	dual-mit-gpl	Dual MIT/GPLv2	MIT OR GPL-2.0-only	GPL-COPYING,MIT-COPYING	-	Deepin innogpu-fh2m 20250421190503-debug source payload	imported-unmodified	-	declared-rights-review-pending	Copyright      Copyright (c) Innosilicon Technology Ltd. All Rights Reserved
drivers/innodma/inno_dmaengine.h	e9a40995eba96e73196fbf25747e1e0949797d0c2149c76c4cea1077b42beed6	dual-mit-gpl	Dual MIT/GPLv2	MIT OR GPL-2.0-only	GPL-COPYING,MIT-COPYING	-	Deepin innogpu-fh2m 20250421190503-debug source payload	imported-unmodified	-	declared-rights-review-pending	Copyright      Copyright (c) Innosilicon Technology Ltd. All Rights Reserved
drivers/innodma/inno_pcie_dma_drv.c	abbc778e218a2e8ae8d21f5da0cfe5c73a1b28f392f8a08a1865ef1897140416	dual-mit-gpl	Dual MIT/GPLv2	MIT OR GPL-2.0-only	GPL-COPYING,MIT-COPYING	-	Deepin innogpu-fh2m 20250421190503-debug source payload	imported-unmodified	-	declared-rights-review-pending	Copyright      Copyright (c) Innosilicon Technology Ltd. All Rights Reserved
drivers/innodma/inno_pcie_dma_drv.h	a038a6c33f8c542a6dee88b9f8e24b160542f41a6f7a3f6eb3d733c46b682816	dual-mit-gpl	Dual MIT/GPLv2	MIT OR GPL-2.0-only	GPL-COPYING,MIT-COPYING	-	Deepin innogpu-fh2m 20250421190503-debug source payload	imported-unmodified	-	declared-rights-review-pending	Copyright      Copyright (c) Innosilicon Technology Ltd. All Rights Reserved
drivers/innodma/innodma.h	82396b841d6d07b5bfd8a2105592aaed54c76c840aa01703475ece71aa6a0b76	dual-mit-gpl	Dual MIT/GPLv2	MIT OR GPL-2.0-only	GPL-COPYING,MIT-COPYING	-	Deepin innogpu-fh2m 20250421190503-debug source payload	imported-unmodified	-	declared-rights-review-pending	Copyright      Copyright (c) Innosilicon Technology Ltd. All Rights Reserved
drivers/innodma/innodma_debug.c	1336475e6b09c0268757def7bfa643b165b68125e8099e43568aee870aad2eba	dual-mit-gpl	Dual MIT/GPLv2	MIT OR GPL-2.0-only	GPL-COPYING,MIT-COPYING	-	Deepin innogpu-fh2m 20250421190503-debug source payload	imported-unmodified	-	declared-rights-review-pending	Copyright      Copyright (c) Innosilicon Technology Ltd. All Rights Reserved
drivers/innodma/innodma_debug.h	dbf16bab7666067067057c00a75d3905172aa0b97aedb44dd027e1ce5da1ed31	dual-mit-gpl	Dual MIT/GPLv2	MIT OR GPL-2.0-only	GPL-COPYING,MIT-COPYING	-	Deepin innogpu-fh2m 20250421190503-debug source payload	imported-unmodified	-	declared-rights-review-pending	Copyright      Copyright (c) Innosilicon Technology Ltd. All Rights Reserved
drivers/innodma/innodma_drv.c	2d705efeb52cb2c9eb130999c163ba5c17747ccdd0e2b9670de4bdbb5ffe3ede	dual-mit-gpl	Dual MIT/GPLv2	MIT OR GPL-2.0-only	GPL-COPYING,MIT-COPYING	Dual MIT/GPL	Deepin innogpu-fh2m 20250421190503-debug source payload	imported-unmodified	-	declared-rights-review-pending	Copyright      Copyright (c) Innosilicon Technology Ltd. All Rights Reserved
drivers/innodma/pcie_dmac.h	d56aab7c4a2167b516b5591cee4fddede14391772d3b98ab9e65879e3417796e	dual-mit-gpl	Dual MIT/GPLv2	MIT OR GPL-2.0-only	GPL-COPYING,MIT-COPYING	-	Deepin innogpu-fh2m 20250421190503-debug source payload	imported-unmodified	-	declared-rights-review-pending	Copyright      Copyright (c) Innosilicon Technology Ltd. All Rights Reserved
drivers/innodma/utils.h	4ab08b1f1bcc1d2a39817e2473ed54e06733872f132b71cebc2bbba9be2af17e	dual-mit-gpl	Dual MIT/GPLv2	MIT OR GPL-2.0-only	GPL-COPYING,MIT-COPYING	-	Deepin innogpu-fh2m 20250421190503-debug source payload	imported-unmodified	-	declared-rights-review-pending	Copyright      Copyright (c) Innosilicon Technology Ltd. All Rights Reserved
drivers/innodma/virt_dma.c	3c910ce8abc71acfa1b0fc82311db57a0d78516591cb6a3af272f4ee8d988595	dual-mit-gpl	Dual MIT/GPLv2	MIT OR GPL-2.0-only	GPL-COPYING,MIT-COPYING	-	Deepin innogpu-fh2m 20250421190503-debug source payload	imported-unmodified	-	declared-rights-review-pending	Copyright      Copyright (c) Innosilicon Technology Ltd. All Rights Reserved
drivers/innodma/virt_dma.h	b3480bdb1d181bcf84ef4e84d5a719471bb34876ec9ae3711ebde700c607a285	dual-mit-gpl	Dual MIT/GPLv2	MIT OR GPL-2.0-only	GPL-COPYING,MIT-COPYING	-	Deepin innogpu-fh2m 20250421190503-debug source payload	imported-unmodified	-	declared-rights-review-pending	Copyright      Copyright (c) Innosilicon Technology Ltd. All Rights Reserved
drivers/innogpu/Makefile	7a28c1367d2e7d43bf70c470909e064a1f90d2db8b6e60ff5633a4a1a9843b11	unclassified	no mechanically recognized declaration	NOASSERTION	-	-	Deepin innogpu-fh2m 20250421190503-debug source payload	imported-unmodified	-	blocked-unclassified	-
drivers/innogpu/compat_kernel6.h	79a5de5055a6b4796374265f9ee2170934d21ec8682c59c52cf13d436ad84360	unclassified	no mechanically recognized declaration	NOASSERTION	-	-	Deepin innogpu-fh2m 20250421190503-debug source payload	project-modified	patch-001	blocked-unclassified	-
drivers/innogpu/fixup_alignment.h	e6a05d255bbc110a56aeede2a9202419f464e8fe375b0e31f172c622bebdef8b	unclassified	no mechanically recognized declaration	NOASSERTION	-	-	Deepin innogpu-fh2m 20250421190503-debug source payload	imported-unmodified	-	blocked-unclassified	-
drivers/innogpu/fixup_pcie.h	a1ef94ccf5c6acf3625997549057b49b31cb8fdb854517e9dbe2806fc244df79	unclassified	no mechanically recognized declaration	NOASSERTION	-	-	Deepin innogpu-fh2m 20250421190503-debug source payload	imported-unmodified	-	blocked-unclassified	-
drivers/innogpu/hal.h	1f2671955d4d4a961865db481514ca15c95cf2bed89bf339a533e33a5e2c0f47	dual-mit-gpl	Dual MIT/GPLv2	MIT OR GPL-2.0-only	GPL-COPYING,MIT-COPYING	-	Deepin innogpu-fh2m 20250421190503-debug source payload	imported-unmodified	-	declared-rights-review-pending	Copyright      Copyright (c) Innosilicon Technology Ltd. All Rights Reserved
drivers/innogpu/hal_bind_numa.c	4c2bf6bd85b0265a94b17ab33cc3051f4e936ffdddffcd79270cb937622044cb	dual-mit-gpl	Dual MIT/GPLv2	MIT OR GPL-2.0-only	GPL-COPYING,MIT-COPYING	-	Deepin innogpu-fh2m 20250421190503-debug source payload	imported-unmodified	-	declared-rights-review-pending	Copyright      Copyright (c) Innosilicon Technology Ltd. All Rights Reserved
drivers/innogpu/hal_bmc.h	ff823c4f9a81a169c1f208ecdfc3f9887cd69e0a09d0758215d9d7b48abd16e3	dual-mit-gpl	Dual MIT/GPLv2	MIT OR GPL-2.0-only	GPL-COPYING,MIT-COPYING	-	Deepin innogpu-fh2m 20250421190503-debug source payload	imported-unmodified	-	declared-rights-review-pending	Copyright      Copyright (c) Innosilicon Technology Ltd. All Rights Reserved
drivers/innogpu/hal_dma.c	7dfba27ed8fdfa64b65563f89572f2f241346ddc85defb2f32ce76d751744c6c	dual-mit-gpl	Dual MIT/GPLv2	MIT OR GPL-2.0-only	GPL-COPYING,MIT-COPYING	-	Deepin innogpu-fh2m 20250421190503-debug source payload	imported-unmodified	-	declared-rights-review-pending	Copyright      Copyright (c) Innosilicon Technology Ltd. All Rights Reserved
drivers/innogpu/hal_dma_errors.h	96759e541c81d1b8196a5fd21e7707f013ecce44f379926ac1a0cac9f660400e	dual-mit-gpl	Dual MIT/GPLv2	MIT OR GPL-2.0-only	GPL-COPYING,MIT-COPYING	-	Deepin innogpu-fh2m 20250421190503-debug source payload	imported-unmodified	-	declared-rights-review-pending	Copyright      Copyright (c) Innosilicon Technology Ltd. All Rights Reserved
drivers/innogpu/hal_interface.c	ff5769b308ee79f3a79fddccfb79440a2f50e2930c5974583cf21d6c001756ee	dual-mit-gpl	Dual MIT/GPLv2	MIT OR GPL-2.0-only	GPL-COPYING,MIT-COPYING	-	Deepin innogpu-fh2m 20250421190503-debug source payload	imported-unmodified	-	declared-rights-review-pending	Copyright      Copyright (c) Innosilicon Technology Ltd. All Rights Reserved
drivers/innogpu/hal_interface.h	f5e5571b18f42b48eb7112582ea89a072a6b3f6b3271b5c8f260cda1553c8990	dual-mit-gpl	Dual MIT/GPLv2	MIT OR GPL-2.0-only	GPL-COPYING,MIT-COPYING	-	Deepin innogpu-fh2m 20250421190503-debug source payload	imported-unmodified	-	declared-rights-review-pending	Copyright      Copyright (c) Innosilicon Technology Ltd. All Rights Reserved
drivers/innogpu/hal_power.c	b4085094568aa2ab628a4cb3c4ae6a31e8aa8cff68f7d7794c34e405945cf613	unclassified	no mechanically recognized declaration	NOASSERTION	-	-	Deepin innogpu-fh2m 20250421190503-debug source payload	project-modified	patch-001	blocked-unclassified	-
drivers/innogpu/inno_audio.c	ac3caafabe830fd004361f11b7dfab09d258fa37ebac9ae3a47572900484b058	unclassified	no mechanically recognized declaration	NOASSERTION	-	-	Deepin innogpu-fh2m 20250421190503-debug source payload	imported-unmodified	-	blocked-unclassified	-
drivers/innogpu/inno_audio.h	e14cc4a1c555cd04e5827f8dda9347c740092c3dada6fa96dac42e55b31d6403	unclassified	no mechanically recognized declaration	NOASSERTION	-	-	Deepin innogpu-fh2m 20250421190503-debug source payload	imported-unmodified	-	blocked-unclassified	-
drivers/innogpu/inno_check.S	4cc0e153d792c2eb01852b366ba32b28e89aa45e6087c0080d5d6e88714e8fca	dual-mit-gpl	Dual MIT/GPLv2	MIT OR GPL-2.0-only	GPL-COPYING,MIT-COPYING	-	Deepin innogpu-fh2m 20250421190503-debug source payload	imported-unmodified	-	declared-rights-review-pending	Copyright (c) Innosilicon Technology Ltd. All Rights Reserved
drivers/innogpu/inno_cpumask.c	bb0a5f825d1ec65ef53ba23cf30cbdd4a33b3e0f2ae310022ec6353a1fddaae6	dual-mit-gpl	Dual MIT/GPLv2	MIT OR GPL-2.0-only	GPL-COPYING,MIT-COPYING	-	Deepin innogpu-fh2m 20250421190503-debug source payload	imported-unmodified	-	declared-rights-review-pending	Copyright (c) Innosilicon Technology Ltd. All Rights Reserved
drivers/innogpu/inno_cpumask.h	be2bf4f0d2536cc4651c645755437b460404b595e1f02e835540a0d517893742	dual-mit-gpl	Dual MIT/GPLv2	MIT OR GPL-2.0-only	GPL-COPYING,MIT-COPYING	-	Deepin innogpu-fh2m 20250421190503-debug source payload	imported-unmodified	-	declared-rights-review-pending	Copyright (c) Innosilicon Technology Ltd. All Rights Reserved
drivers/innogpu/inno_debug.c	4d23da71fe0782cd2ce01e93200d6cfde2d3640de003e659e3a8a8e88148b363	dual-mit-gpl	Dual MIT/GPLv2	MIT OR GPL-2.0-only	GPL-COPYING,MIT-COPYING	-	Deepin innogpu-fh2m 20250421190503-debug source payload	imported-unmodified	-	declared-rights-review-pending	Copyright (c) Innosilicon Technology Ltd. All Rights Reserved
drivers/innogpu/inno_debug.h	0e4e258f1e6d7e762f77dd3dafe830ce5cdde3db78a522e556d89ab5a5eb0540	dual-mit-gpl	Dual MIT/GPLv2	MIT OR GPL-2.0-only	GPL-COPYING,MIT-COPYING	-	Deepin innogpu-fh2m 20250421190503-debug source payload	imported-unmodified	-	declared-rights-review-pending	Copyright (c) Innosilicon Technology Ltd. All Rights Reserved
drivers/innogpu/inno_dma.c	a1402abac50235707fa8a86c9fa60141d1ed37ccadca0221ab35c194fae3b6c9	dual-mit-gpl	Dual MIT/GPLv2	MIT OR GPL-2.0-only	GPL-COPYING,MIT-COPYING	-	Deepin innogpu-fh2m 20250421190503-debug source payload	imported-unmodified	-	declared-rights-review-pending	Copyright (c) Innosilicon Technology Ltd. All Rights Reserved
drivers/innogpu/inno_dma.h	7cb96f6d6d3dce56cd81063349e5bb0791df624041355f734d221ce6a63dd3e7	dual-mit-gpl	Dual MIT/GPLv2	MIT OR GPL-2.0-only	GPL-COPYING,MIT-COPYING	-	Deepin innogpu-fh2m 20250421190503-debug source payload	imported-unmodified	-	declared-rights-review-pending	Copyright (c) Innosilicon Technology Ltd. All Rights Reserved
drivers/innogpu/inno_dma_buf.c	ce5891c170c9d28fbc725c0c5c5d7ca441eb3a71526feb33cc96ebd48d51f715	dual-mit-gpl	Dual MIT/GPLv2	MIT OR GPL-2.0-only	GPL-COPYING,MIT-COPYING	-	Deepin innogpu-fh2m 20250421190503-debug source payload	imported-unmodified	-	declared-rights-review-pending	Copyright (c) Innosilicon Technology Ltd. All Rights Reserved
drivers/innogpu/inno_dma_buf.h	a9deef3af113b5bab7e998ad8c64a76b027c6eca8eaa7ec25bb084c3be527285	dual-mit-gpl	Dual MIT/GPLv2	MIT OR GPL-2.0-only	GPL-COPYING,MIT-COPYING	-	Deepin innogpu-fh2m 20250421190503-debug source payload	imported-unmodified	-	declared-rights-review-pending	Copyright (c) Innosilicon Technology Ltd. All Rights Reserved
drivers/innogpu/inno_drm.c	89452d8d6fec24c859eb7c1a3799698e7deb6b383d375e3a4e6af65d33451000	dual-mit-gpl	Dual MIT/GPLv2	MIT OR GPL-2.0-only	GPL-COPYING,MIT-COPYING	-	Deepin innogpu-fh2m 20250421190503-debug source payload	project-modified	patch-001	declared-rights-review-pending	Copyright (c) Innosilicon Technology Ltd. All Rights Reserved
drivers/innogpu/inno_drm.h	ed839be622466c3111fab982fb42e2031edcf4bc128e0e906de8769fa48f73b1	dual-mit-gpl	Dual MIT/GPLv2	MIT OR GPL-2.0-only	GPL-COPYING,MIT-COPYING	-	Deepin innogpu-fh2m 20250421190503-debug source payload	imported-unmodified	-	declared-rights-review-pending	Copyright (c) Innosilicon Technology Ltd. All Rights Reserved
drivers/innogpu/inno_drm_mode.c	50c0cdac9e576014fb64d67819f263607eb9ac73f9c5716466041158917a790a	dual-mit-gpl	Dual MIT/GPLv2	MIT OR GPL-2.0-only	GPL-COPYING,MIT-COPYING	-	Deepin innogpu-fh2m 20250421190503-debug source payload	imported-unmodified	-	declared-rights-review-pending	Copyright (c) Innosilicon Technology Ltd. All Rights Reserved
drivers/innogpu/inno_drm_mode.h	0a78e951d278787f459c1a4a89ab9cdf0e52365c24d3cdcb7b85f2976c4bcb2e	dual-mit-gpl	Dual MIT/GPLv2	MIT OR GPL-2.0-only	GPL-COPYING,MIT-COPYING	-	Deepin innogpu-fh2m 20250421190503-debug source payload	imported-unmodified	-	declared-rights-review-pending	Copyright (c) Innosilicon Technology Ltd. All Rights Reserved
drivers/innogpu/inno_fence.c	b13e9a0c547a5d2ece047cd6e5ee3a3f51806ced11b92582779dfb4d48c6b222	dual-mit-gpl	Dual MIT/GPLv2	MIT OR GPL-2.0-only	GPL-COPYING,MIT-COPYING	-	Deepin innogpu-fh2m 20250421190503-debug source payload	imported-unmodified	-	declared-rights-review-pending	Copyright (c) Innosilicon Technology Ltd. All Rights Reserved
drivers/innogpu/inno_fence.h	2d284ccff6e5f144501ccf6ec49ffb1e98dd3b7a8cdce72eeb5269e56baac8b7	dual-mit-gpl	Dual MIT/GPLv2	MIT OR GPL-2.0-only	GPL-COPYING,MIT-COPYING	-	Deepin innogpu-fh2m 20250421190503-debug source payload	imported-unmodified	-	declared-rights-review-pending	Copyright (c) Innosilicon Technology Ltd. All Rights Reserved
drivers/innogpu/inno_firmware.c	6a39313f8b9d5b0a129cde2e02e80c8adbcce4f425e89722de2f4e019e60670f	dual-mit-gpl	Dual MIT/GPLv2	MIT OR GPL-2.0-only	GPL-COPYING,MIT-COPYING	-	Deepin innogpu-fh2m 20250421190503-debug source payload	imported-unmodified	-	declared-rights-review-pending	Copyright (c) Innosilicon Technology Ltd. All Rights Reserved
drivers/innogpu/inno_firmware.h	92b0a50d6ca71292afd8e07a0538bb6d39aba5567d97888de8c359241d299a14	dual-mit-gpl	Dual MIT/GPLv2	MIT OR GPL-2.0-only	GPL-COPYING,MIT-COPYING	-	Deepin innogpu-fh2m 20250421190503-debug source payload	imported-unmodified	-	declared-rights-review-pending	Copyright (c) Innosilicon Technology Ltd. All Rights Reserved
drivers/innogpu/inno_fs.c	67c1176bcebf50bf5d01d5693db42b1022efbafefb4b66be669b6d7cef404627	dual-mit-gpl	Dual MIT/GPLv2	MIT OR GPL-2.0-only	GPL-COPYING,MIT-COPYING	-	Deepin innogpu-fh2m 20250421190503-debug source payload	imported-unmodified	-	declared-rights-review-pending	Copyright (c) Innosilicon Technology Ltd. All Rights Reserved
drivers/innogpu/inno_fs.h	c744b3362428decd6bb313dc0d18ddd4080afb7d40db77c2a961910b1340f07b	dual-mit-gpl	Dual MIT/GPLv2	MIT OR GPL-2.0-only	GPL-COPYING,MIT-COPYING	-	Deepin innogpu-fh2m 20250421190503-debug source payload	imported-unmodified	-	declared-rights-review-pending	Copyright (c) Innosilicon Technology Ltd. All Rights Reserved
drivers/innogpu/inno_idr.c	8bf8448e7e828d569e3d7fa1e9852ebd8ed7f83ef2b58f969a1e33d21a4f5338	unclassified	no mechanically recognized declaration	NOASSERTION	-	-	Deepin innogpu-fh2m 20250421190503-debug source payload	imported-unmodified	-	blocked-unclassified	-
drivers/innogpu/inno_idr.h	3961e80ef192a62988440e2680b09779800b32f0f8b747438accb8b08952884b	dual-mit-gpl	Dual MIT/GPLv2	MIT OR GPL-2.0-only	GPL-COPYING,MIT-COPYING	-	Deepin innogpu-fh2m 20250421190503-debug source payload	imported-unmodified	-	declared-rights-review-pending	Copyright (c) Innosilicon Technology Ltd. All Rights Reserved
drivers/innogpu/inno_insn.c	c121b4658c91b875942b4e05eb74757e9092ade2e88173eccac956582ef0352b	dual-mit-gpl	Dual MIT/GPLv2	MIT OR GPL-2.0-only	GPL-COPYING,MIT-COPYING	-	Deepin innogpu-fh2m 20250421190503-debug source payload	imported-unmodified	-	declared-rights-review-pending	Copyright (c) Innosilicon Technology Ltd. All Rights Reserved
drivers/innogpu/inno_insn.h	863c85059c0e4ffba36e7e4bcdb481c2cefaaabe32ff882bfc46f560bb0c2ba7	dual-mit-gpl	Dual MIT/GPLv2	MIT OR GPL-2.0-only	GPL-COPYING,MIT-COPYING	-	Deepin innogpu-fh2m 20250421190503-debug source payload	imported-unmodified	-	declared-rights-review-pending	Copyright (c) Innosilicon Technology Ltd. All Rights Reserved
drivers/innogpu/inno_interrupt.c	f19900e3380f8008d8729598a456b4bb27475903ea213072d517d0e8c66b1a87	dual-mit-gpl	Dual MIT/GPLv2	MIT OR GPL-2.0-only	GPL-COPYING,MIT-COPYING	-	Deepin innogpu-fh2m 20250421190503-debug source payload	imported-unmodified	-	declared-rights-review-pending	Copyright (c) Innosilicon Technology Ltd. All Rights Reserved
drivers/innogpu/inno_interrupt.h	7b5457351b30720d5b844bae5705b54d117ffd8921486814df8b81fbed72d646	dual-mit-gpl	Dual MIT/GPLv2	MIT OR GPL-2.0-only	GPL-COPYING,MIT-COPYING	-	Deepin innogpu-fh2m 20250421190503-debug source payload	imported-unmodified	-	declared-rights-review-pending	Copyright (c) Innosilicon Technology Ltd. All Rights Reserved
drivers/innogpu/inno_io.c	a01b69c7584fff24e898fcdce7c4e5f89f78fb4afc1301419882fbb90ce83937	dual-mit-gpl	Dual MIT/GPLv2	MIT OR GPL-2.0-only	GPL-COPYING,MIT-COPYING	-	Deepin innogpu-fh2m 20250421190503-debug source payload	imported-unmodified	-	declared-rights-review-pending	Copyright (c) Innosilicon Technology Ltd. All Rights Reserved
drivers/innogpu/inno_io.h	42fbd01fdc0cdc948ada845b9ead26d293ec4bfbdf2941534a815d8646f0a04d	dual-mit-gpl	Dual MIT/GPLv2	MIT OR GPL-2.0-only	GPL-COPYING,MIT-COPYING	-	Deepin innogpu-fh2m 20250421190503-debug source payload	imported-unmodified	-	declared-rights-review-pending	Copyright (c) Innosilicon Technology Ltd. All Rights Reserved
drivers/innogpu/inno_kernel_hook.c	e19cc85194843587ec39c9250d0ef987e89f28272e55068d1655f3c35e0add1d	dual-mit-gpl	Dual MIT/GPLv2	MIT OR GPL-2.0-only	GPL-COPYING,MIT-COPYING	-	Deepin innogpu-fh2m 20250421190503-debug source payload	imported-unmodified	-	declared-rights-review-pending	Copyright (c) Innosilicon Technology Ltd. All Rights Reserved
drivers/innogpu/inno_kernel_hook.h	ad03a4d1d9186373775c7b4a66d58af8e6e01b2c1bdfeb712ba2e80b6979ac54	dual-mit-gpl	Dual MIT/GPLv2	MIT OR GPL-2.0-only	GPL-COPYING,MIT-COPYING	-	Deepin innogpu-fh2m 20250421190503-debug source payload	imported-unmodified	-	declared-rights-review-pending	Copyright (c) Innosilicon Technology Ltd. All Rights Reserved
drivers/innogpu/inno_lock.c	0cd272ccd377c64058c9da346541fca6aa56a4ea70cbea313dfcb963df574e6b	dual-mit-gpl	Dual MIT/GPLv2	MIT OR GPL-2.0-only	GPL-COPYING,MIT-COPYING	-	Deepin innogpu-fh2m 20250421190503-debug source payload	imported-unmodified	-	declared-rights-review-pending	Copyright (c) Innosilicon Technology Ltd. All Rights Reserved
drivers/innogpu/inno_lock.h	1e3f436593859664e145becc122709095fea86d8f59e5a45bcaaaa53b1a0f03f	dual-mit-gpl	Dual MIT/GPLv2	MIT OR GPL-2.0-only	GPL-COPYING,MIT-COPYING	-	Deepin innogpu-fh2m 20250421190503-debug source payload	imported-unmodified	-	declared-rights-review-pending	Copyright (c) Innosilicon Technology Ltd. All Rights Reserved
drivers/innogpu/inno_math.c	5fc919bdbb3a39d9085ac290172539678b67775773fb301e12a9baaedf683328	dual-mit-gpl	Dual MIT/GPLv2	MIT OR GPL-2.0-only	GPL-COPYING,MIT-COPYING	-	Deepin innogpu-fh2m 20250421190503-debug source payload	imported-unmodified	-	declared-rights-review-pending	Copyright (c) Innosilicon Technology Ltd. All Rights Reserved
drivers/innogpu/inno_math.h	840899b7e73dc69d766d0c017a0d1025080a098676e571c39935b427105d662b	dual-mit-gpl	Dual MIT/GPLv2	MIT OR GPL-2.0-only	GPL-COPYING,MIT-COPYING	-	Deepin innogpu-fh2m 20250421190503-debug source payload	imported-unmodified	-	declared-rights-review-pending	Copyright (c) Innosilicon Technology Ltd. All Rights Reserved
drivers/innogpu/inno_misc.c	c15c1d5c0b72d6a95dbf185b99015a4d57a1bb66eb0d465d982ac7f8a8262948	dual-mit-gpl	Dual MIT/GPLv2	MIT OR GPL-2.0-only	GPL-COPYING,MIT-COPYING	-	Deepin innogpu-fh2m 20250421190503-debug source payload	imported-unmodified	-	declared-rights-review-pending	Copyright (c) Innosilicon Technology Ltd. All Rights Reserved
drivers/innogpu/inno_misc.h	0d1cce422a2b99844662373ced6e38a3c1b70b676fbcc979a52587b0c6618d70	dual-mit-gpl	Dual MIT/GPLv2	MIT OR GPL-2.0-only	GPL-COPYING,MIT-COPYING	-	Deepin innogpu-fh2m 20250421190503-debug source payload	imported-unmodified	-	declared-rights-review-pending	Copyright (c) Innosilicon Technology Ltd. All Rights Reserved
drivers/innogpu/inno_mm.c	08815c7a7effffe4f7aec86c458892c4dfd175040e50b9189aaef06109c957cb	dual-mit-gpl	Dual MIT/GPLv2	MIT OR GPL-2.0-only	GPL-COPYING,MIT-COPYING	-	Deepin innogpu-fh2m 20250421190503-debug source payload	project-modified	patch-001	declared-rights-review-pending	Copyright (c) Innosilicon Technology Ltd. All Rights Reserved
drivers/innogpu/inno_mm.h	acd584e26718f0a0c82e39349e38a328e0fe59e982d1a29f193ab2d04ae4b749	dual-mit-gpl	Dual MIT/GPLv2	MIT OR GPL-2.0-only	GPL-COPYING,MIT-COPYING	-	Deepin innogpu-fh2m 20250421190503-debug source payload	imported-unmodified	-	declared-rights-review-pending	Copyright (c) Innosilicon Technology Ltd. All Rights Reserved
drivers/innogpu/inno_mtrr.c	43112ac879dfd62befcf77f41d902c068ec29f4a67e75f109b88d440f956bdb3	dual-mit-gpl	Dual MIT/GPLv2	MIT OR GPL-2.0-only	GPL-COPYING,MIT-COPYING	-	Deepin innogpu-fh2m 20250421190503-debug source payload	imported-unmodified	-	declared-rights-review-pending	Copyright (c) Innosilicon Technology Ltd. All Rights Reserved
drivers/innogpu/inno_mtrr.h	67cb5b485fa99f1ec29ef90b40f6fbcabe70a00ccc1aa9b71274e2c451ea90ec	dual-mit-gpl	Dual MIT/GPLv2	MIT OR GPL-2.0-only	GPL-COPYING,MIT-COPYING	-	Deepin innogpu-fh2m 20250421190503-debug source payload	imported-unmodified	-	declared-rights-review-pending	Copyright (c) Innosilicon Technology Ltd. All Rights Reserved
drivers/innogpu/inno_pci.c	6c2036193ae3785e3a0e20daa469cd524c663acade447f244c3b479967c42602	dual-mit-gpl	Dual MIT/GPLv2	MIT OR GPL-2.0-only	GPL-COPYING,MIT-COPYING	-	Deepin innogpu-fh2m 20250421190503-debug source payload	project-modified	patch-001	declared-rights-review-pending	Copyright (c) Innosilicon Technology Ltd. All Rights Reserved
drivers/innogpu/inno_pci.h	a92e0e1dde4571da5913b07dcbfa8ed8ed36f4466bb6238ce722da1334ffa162	dual-mit-gpl	Dual MIT/GPLv2	MIT OR GPL-2.0-only	GPL-COPYING,MIT-COPYING	-	Deepin innogpu-fh2m 20250421190503-debug source payload	imported-unmodified	-	declared-rights-review-pending	Copyright (c) Innosilicon Technology Ltd. All Rights Reserved
drivers/innogpu/inno_plat_dev.c	8b6d68fa4dcf310de4bf1a8dcd98c3741945978a1566340115eb2453ecb4f780	dual-mit-gpl	Dual MIT/GPLv2	MIT OR GPL-2.0-only	GPL-COPYING,MIT-COPYING	-	Deepin innogpu-fh2m 20250421190503-debug source payload	imported-unmodified	-	declared-rights-review-pending	Copyright (c) Innosilicon Technology Ltd. All Rights Reserved
drivers/innogpu/inno_plat_dev.h	880100db6063cd76d22092bcb6522e19564bc9b46aeb4551b0ea43da467b3745	dual-mit-gpl	Dual MIT/GPLv2	MIT OR GPL-2.0-only	GPL-COPYING,MIT-COPYING	-	Deepin innogpu-fh2m 20250421190503-debug source payload	imported-unmodified	-	declared-rights-review-pending	Copyright (c) Innosilicon Technology Ltd. All Rights Reserved
drivers/innogpu/inno_pm_runtime.c	bce3be0d8d02d04a174e844fe9dd58c3c5806651063701a9ceed50aee50dd50a	dual-mit-gpl	Dual MIT/GPLv2	MIT OR GPL-2.0-only	GPL-COPYING,MIT-COPYING	-	Deepin innogpu-fh2m 20250421190503-debug source payload	imported-unmodified	-	declared-rights-review-pending	Copyright (c) Innosilicon Technology Ltd. All Rights Reserved
drivers/innogpu/inno_pm_runtime.h	e90f0dfce950ce4781f8c001142b944700f2435e5290aa6c428e17bc2a12ddab	dual-mit-gpl	Dual MIT/GPLv2	MIT OR GPL-2.0-only	GPL-COPYING,MIT-COPYING	-	Deepin innogpu-fh2m 20250421190503-debug source payload	imported-unmodified	-	declared-rights-review-pending	Copyright (c) Innosilicon Technology Ltd. All Rights Reserved
drivers/innogpu/inno_srvkm.h	3fcb16b8ec570c8f095217c5da15cc4ad7198de5dae64d342f4d5ed22ff7f8db	dual-mit-gpl	Dual MIT/GPLv2	MIT OR GPL-2.0-only	GPL-COPYING,MIT-COPYING	-	Deepin innogpu-fh2m 20250421190503-debug source payload	imported-unmodified	-	declared-rights-review-pending	Copyright (c) Innosilicon Technology Ltd. All Rights Reserved
drivers/innogpu/inno_task.c	b007dbfbba2d9b57cdec5a53d92b3df4fbfad3bb7c0deabe60c3c9cdce124900	dual-mit-gpl	Dual MIT/GPLv2	MIT OR GPL-2.0-only	GPL-COPYING,MIT-COPYING	-	Deepin innogpu-fh2m 20250421190503-debug source payload	project-modified	patch-001	declared-rights-review-pending	Copyright (c) Innosilicon Technology Ltd. All Rights Reserved
drivers/innogpu/inno_task.h	900294d3a9a2a093268dff8e00f96627e829a14b8392a6ab94ec017bbf1cdedf	dual-mit-gpl	Dual MIT/GPLv2	MIT OR GPL-2.0-only	GPL-COPYING,MIT-COPYING	-	Deepin innogpu-fh2m 20250421190503-debug source payload	imported-unmodified	-	declared-rights-review-pending	Copyright (c) Innosilicon Technology Ltd. All Rights Reserved
drivers/innogpu/inno_timer.c	5105b0718bf13b300457926e68b41b250ac0e012b8025ded2c0f0d6811b149f7	dual-mit-gpl	Dual MIT/GPLv2	MIT OR GPL-2.0-only	GPL-COPYING,MIT-COPYING	-	Deepin innogpu-fh2m 20250421190503-debug source payload	imported-unmodified	-	declared-rights-review-pending	Copyright (c) Innosilicon Technology Ltd. All Rights Reserved
drivers/innogpu/inno_timer.h	0b7b37aeaec7e0b52bb69af9fb2b6b46e28978e1e66ad17efaf6de8bcd9c3b07	dual-mit-gpl	Dual MIT/GPLv2	MIT OR GPL-2.0-only	GPL-COPYING,MIT-COPYING	-	Deepin innogpu-fh2m 20250421190503-debug source payload	imported-unmodified	-	declared-rights-review-pending	Copyright (c) Innosilicon Technology Ltd. All Rights Reserved
drivers/innogpu/inno_uaccess.c	0b3fb6d3f9cf05588c88118ac4e33a2470ba6bcd2746570168fc549dc67d6822	dual-mit-gpl	Dual MIT/GPLv2	MIT OR GPL-2.0-only	GPL-COPYING,MIT-COPYING	-	Deepin innogpu-fh2m 20250421190503-debug source payload	imported-unmodified	-	declared-rights-review-pending	Copyright (c) Innosilicon Technology Ltd. All Rights Reserved
drivers/innogpu/inno_uaccess.h	f47ca298694f3a295b76f17c23484f656f03ca996b6d9e3bbd5dc43262c17a2f	dual-mit-gpl	Dual MIT/GPLv2	MIT OR GPL-2.0-only	GPL-COPYING,MIT-COPYING	-	Deepin innogpu-fh2m 20250421190503-debug source payload	imported-unmodified	-	declared-rights-review-pending	Copyright (c) Innosilicon Technology Ltd. All Rights Reserved
drivers/innogpu/inno_uuid.c	5edfe94f6121ef2e505a6c72cbb303be4bfcca36cf0f480647c599e598645d5c	dual-mit-gpl	Dual MIT/GPLv2	MIT OR GPL-2.0-only	GPL-COPYING,MIT-COPYING	-	Deepin innogpu-fh2m 20250421190503-debug source payload	project-modified	patch-001	declared-rights-review-pending	Copyright (c) Innosilicon Technology Ltd. All Rights Reserved
drivers/innogpu/inno_uuid.h	79d2f6bc5bf2b1934946d8a1d05d42ada34854917d14ba0551c58b81c928f5d6	dual-mit-gpl	Dual MIT/GPLv2	MIT OR GPL-2.0-only	GPL-COPYING,MIT-COPYING	-	Deepin innogpu-fh2m 20250421190503-debug source payload	imported-unmodified	-	declared-rights-review-pending	Copyright (c) Innosilicon Technology Ltd. All Rights Reserved
drivers/innogpu/inno_waitqueue.c	728a71ec0a8229ce6b9159097e35e0323657691473cadaeadad1c12d8e377eeb	dual-mit-gpl	Dual MIT/GPLv2	MIT OR GPL-2.0-only	GPL-COPYING,MIT-COPYING	-	Deepin innogpu-fh2m 20250421190503-debug source payload	imported-unmodified	-	declared-rights-review-pending	Copyright (c) Innosilicon Technology Ltd. All Rights Reserved
drivers/innogpu/inno_waitqueue.h	b1c3b6e9b073fac2d0e94d0431694ff817ac9f523244b22eb1cf268fb653058a	dual-mit-gpl	Dual MIT/GPLv2	MIT OR GPL-2.0-only	GPL-COPYING,MIT-COPYING	-	Deepin innogpu-fh2m 20250421190503-debug source payload	imported-unmodified	-	declared-rights-review-pending	Copyright (c) Innosilicon Technology Ltd. All Rights Reserved
drivers/innogpu/innogpu.h	5de354a8ebc3bca4f3c00e7fdf778c2a9d8029c2e5bb69b64394057d455f3623	dual-mit-gpl	Dual MIT/GPLv2	MIT OR GPL-2.0-only	GPL-COPYING,MIT-COPYING	-	Deepin innogpu-fh2m 20250421190503-debug source payload	imported-unmodified	-	declared-rights-review-pending	Copyright      Copyright (c) Innosilicon Technology Ltd. All Rights Reserved
drivers/innogpu/innogpu_ion.h	9317007a7866dd7c398d0db43909c8a0314e793965bf9d56a67e1725310ea8bf	dual-mit-gpl	Dual MIT/GPLv2	MIT OR GPL-2.0-only	GPL-COPYING,MIT-COPYING	-	Deepin innogpu-fh2m 20250421190503-debug source payload	imported-unmodified	-	declared-rights-review-pending	Copyright   Copyright (c) Imagination Technologies Ltd. All Rights Reserved
drivers/innogpu/innogpu_pci_drv.c	dd2bad1ac32ef88cffa0fa121dd6201856399553deadc5a8f408358947276d6d	dual-mit-gpl	Dual MIT/GPLv2	MIT OR GPL-2.0-only	GPL-COPYING,MIT-COPYING	Dual MIT/GPL	Deepin innogpu-fh2m 20250421190503-debug source payload	imported-unmodified	-	declared-rights-review-pending	Copyright      Copyright (c) Innosilicon Technology Ltd. All Rights Reserved
drivers/innogpu/innogpu_pci_drv.h	8549d14359ea689f1a4d0396aca386b6db1fa780eef290145a9a300860edcb23	dual-mit-gpl	Dual MIT/GPLv2	MIT OR GPL-2.0-only	GPL-COPYING,MIT-COPYING	-	Deepin innogpu-fh2m 20250421190503-debug source payload	imported-unmodified	-	declared-rights-review-pending	Copyright      Copyright (c) Innosilicon Technology Ltd. All Rights Reserved
drivers/innogpu/ion_lma_heap.c	4f69ba9a5059af657d4d09f4bd16547b51c150aeeded138bdc1a9b7e7cecfe8c	dual-mit-gpl	Dual MIT/GPLv2	MIT OR GPL-2.0-only	GPL-COPYING,MIT-COPYING	-	Deepin innogpu-fh2m 20250421190503-debug source payload	imported-unmodified	-	declared-rights-review-pending	Copyright   Copyright (c) Imagination Technologies Ltd. All Rights Reserved
drivers/innogpu/ion_lma_heap.h	2a56d31412c99bfa35e49376142bda3fbb1d2b008285e81fa02b526725b3312b	dual-mit-gpl	Dual MIT/GPLv2	MIT OR GPL-2.0-only	GPL-COPYING,MIT-COPYING	-	Deepin innogpu-fh2m 20250421190503-debug source payload	imported-unmodified	-	declared-rights-review-pending	Copyright   Copyright (c) Imagination Technologies Ltd. All Rights Reserved
drivers/innogpu/kernel_compat.c	112bff1cdd7b967bdc2c9cd91e02f90e6929f155e9273ee957fc805704f35f6b	unclassified	no mechanically recognized declaration	NOASSERTION	-	-	Deepin innogpu-fh2m 20250421190503-debug source payload	imported-unmodified	-	blocked-unclassified	-
drivers/innogpu/kernel_compat.h	4446902b3ef83f3bb151eb7e7deac5e120ec43ddd6a0eb8d1bd86ad2c53f3643	unclassified	no mechanically recognized declaration	NOASSERTION	-	-	Deepin innogpu-fh2m 20250421190503-debug source payload	imported-unmodified	-	blocked-unclassified	-
drivers/innopmbus/Makefile	7e9b830693015facd291d83740bb47f56350697f5074fab8fa67d1c3a38232af	unclassified	no mechanically recognized declaration	NOASSERTION	-	-	Deepin innogpu-fh2m 20250421190503-debug source payload	imported-unmodified	-	blocked-unclassified	-
drivers/innopmbus/innopmbus_drv.c	aef656aa90f6af1c5eada1fdffd5ac9642d7fae16087242cdb3d37a0d0c1f4e2	bsd-lgpl-dual	BSD 3 clause and LGPL2.1 (dual license)	BSD-3-Clause OR LGPL-2.1-only	BSD-3-Clause.txt,LGPL-2.1-only.txt	Dual BSD/GPL	Deepin innogpu-fh2m 20250421190503-debug source payload	project-modified	patch-001	blocked-declaration-conflict	Copyright (C) Innosilicon Technology Ltd. All Rights Reserved | COPYRIGHT (C) 2020 CHIPS&MEDIA INC. ALL RIGHTS RESERVED
drivers/innopmbus/innopmbus_drv.h	788590521ea4ab1fecef0efa6c4acd455d13c5acf4116f8c78289c0c2d17bcfd	bsd-lgpl-dual	BSD 3 clause and LGPL2.1 (dual license)	BSD-3-Clause OR LGPL-2.1-only	BSD-3-Clause.txt,LGPL-2.1-only.txt	-	Deepin innogpu-fh2m 20250421190503-debug source payload	imported-unmodified	-	declared-rights-review-pending	Copyright (C) Innosilicon Technology Ltd. All Rights Reserved | COPYRIGHT (C) 2020 CHIPS&MEDIA INC. ALL RIGHTS RESERVED
drivers/innopower/Makefile	0465adbc18e3ad358059a2df501161fae9c12a32e545b95b2f57ad00403f1ba5	unclassified	no mechanically recognized declaration	NOASSERTION	-	-	Deepin innogpu-fh2m 20250421190503-debug source payload	imported-unmodified	-	blocked-unclassified	-
drivers/innopower/inno_devfreq_gov.c	d029f8c32040ed2486577f56b325a7ea2bb09b57edf0b90c85cb95a44556d80a	unclassified	no mechanically recognized declaration	NOASSERTION	-	-	Deepin innogpu-fh2m 20250421190503-debug source payload	project-modified	patch-001	blocked-unclassified	-
drivers/innopower/inno_devfreq_gov.h	5429934be007fd12df1b7149f6b3ac2d1a6c21dd65f7af7e0056afce568cc8d2	unclassified	no mechanically recognized declaration	NOASSERTION	-	-	Deepin innogpu-fh2m 20250421190503-debug source payload	imported-unmodified	-	blocked-unclassified	-
drivers/innopower/inno_gs8601.c	894deb9e5b717a59c7d855f69701188c6a4589a1bb7b88de833ea18fdd4f5a70	unclassified	no mechanically recognized declaration	NOASSERTION	-	-	Deepin innogpu-fh2m 20250421190503-debug source payload	imported-unmodified	-	blocked-unclassified	-
drivers/innopower/inno_input_event.c	6deddd2a01e1cd753f4ded4ca72fb0b15aac6df3af6c162ca02b8249193ca597	unclassified	no mechanically recognized declaration	NOASSERTION	-	-	Deepin innogpu-fh2m 20250421190503-debug source payload	imported-unmodified	-	blocked-unclassified	-
drivers/innopower/inno_input_event.h	f1a64fd4bb6b449a481b38c5fd54ba886321d6028be759f36886cf9ccb0ed34e	unclassified	no mechanically recognized declaration	NOASSERTION	-	-	Deepin innogpu-fh2m 20250421190503-debug source payload	imported-unmodified	-	blocked-unclassified	-
drivers/innopower/inno_is6608a.c	6cf05cf06470ea90aa66f89d28a1392153102dacf8866bec70e0bfe30e0936a2	unclassified	no mechanically recognized declaration	NOASSERTION	-	-	Deepin innogpu-fh2m 20250421190503-debug source payload	imported-unmodified	-	blocked-unclassified	-
drivers/innopower/inno_mp2979a.c	59a8dd8c2ec576f13f5ed5dd4677c360d6618a77f68cf7f6ce15968b98fb432a	unclassified	no mechanically recognized declaration	NOASSERTION	-	-	Deepin innogpu-fh2m 20250421190503-debug source payload	imported-unmodified	-	blocked-unclassified	-
drivers/innopower/inno_mpq8645p.c	8e67e4346e9ec5d6a46b3c047e90fd160253aa880892d2d8593d31d33bf81456	unclassified	no mechanically recognized declaration	NOASSERTION	-	-	Deepin innogpu-fh2m 20250421190503-debug source payload	imported-unmodified	-	blocked-unclassified	-
drivers/innopower/inno_virture_chip.c	0fd7024bc3ce5e661246657eabaceb755307fa2043f53c1177438881f67b90d4	unclassified	no mechanically recognized declaration	NOASSERTION	-	-	Deepin innogpu-fh2m 20250421190503-debug source payload	imported-unmodified	-	blocked-unclassified	-
drivers/innopower/inno_xdpe12284.c	8d393ed5481090540ea7529cac445fe3035daeebff1c1f93b2fcab67fdb509cd	unclassified	no mechanically recognized declaration	NOASSERTION	-	-	Deepin innogpu-fh2m 20250421190503-debug source payload	imported-unmodified	-	blocked-unclassified	-
drivers/innopower/innopower.c	243f9ad62f2bba4c873c9fef3b97d036354d0fde50b1f5bf5793fe7cf2daba57	unclassified	no mechanically recognized declaration	NOASSERTION	-	Dual MIT/GPL	Deepin innogpu-fh2m 20250421190503-debug source payload	imported-unmodified	-	blocked-unclassified	-
drivers/innopower/innopower.h	b4e17937ba45a4afe701b360f884b65106c10fd9674c73482628a50e3dd879bd	unclassified	no mechanically recognized declaration	NOASSERTION	-	-	Deepin innogpu-fh2m 20250421190503-debug source payload	imported-unmodified	-	blocked-unclassified	-
drivers/innopower/power_hw_info.c	274c7cab2610176c5a0b150a968c2eac8d7af65f63c4998e04640dd23b8f6f54	unclassified	no mechanically recognized declaration	NOASSERTION	-	-	Deepin innogpu-fh2m 20250421190503-debug source payload	imported-unmodified	-	blocked-unclassified	-
drivers/innopower/power_hw_info.h	3c581cfb58c0542ef69e653870a1f1a8eca92018f50d0818f95229445308523d	unclassified	no mechanically recognized declaration	NOASSERTION	-	-	Deepin innogpu-fh2m 20250421190503-debug source payload	imported-unmodified	-	blocked-unclassified	-
drivers/innosmmu/Makefile	558b33830c330ab7983256050841a771f5855138a5f4310f4c4581ba5ec209c7	unclassified	no mechanically recognized declaration	NOASSERTION	-	-	Deepin innogpu-fh2m 20250421190503-debug source payload	imported-unmodified	-	blocked-unclassified	-
drivers/innosmmu/innosmmu_drv.c	93b5fc1203f1c0eb160b0a5576dc126ecd99bb6805825ff4518fa96c5f337076	dual-mit-gpl	Dual MIT/GPLv2	MIT OR GPL-2.0-only	GPL-COPYING,MIT-COPYING	Dual MIT/GPL	Deepin innogpu-fh2m 20250421190503-debug source payload	project-modified	patch-001	declared-rights-review-pending	Copyright      Copyright (c) Innosilicon Technology Ltd. All Rights Reserved
drivers/innosmmu/innosmmu_drv.h	b50d2d4246fb901c9d018bd0197ea3ad61d0322e27722e8a0c5561c820c6d234	dual-mit-gpl	Dual MIT/GPLv2	MIT OR GPL-2.0-only	GPL-COPYING,MIT-COPYING	-	Deepin innogpu-fh2m 20250421190503-debug source payload	imported-unmodified	-	declared-rights-review-pending	Copyright      Copyright (c) Innosilicon Technology Ltd. All Rights Reserved
drivers/innosrvkm/Makefile	3b5142bd936f6556e6ba6d59427b10be3beb14f1ed6afec1eecad1a633ccbc8e	unclassified	no mechanically recognized declaration	NOASSERTION	-	-	Deepin innogpu-fh2m 20250421190503-debug source payload	imported-unmodified	-	blocked-unclassified	-
drivers/innosrvkm/config_kernel.mk	ed5ca3db8ead6637b1f0a5af38ee5557c516345f1c9f1ca216ef976bd651305f	unclassified	no mechanically recognized declaration	NOASSERTION	-	-	Deepin innogpu-fh2m 20250421190503-debug source payload	imported-unmodified	-	blocked-unclassified	-
drivers/innosrvkm/event.c	2ff81cd7148cc787cf93abf7d0aeba26971e7bbe71d5a1f430715a26b18eeba1	dual-mit-gpl	Dual MIT/GPLv2	MIT OR GPL-2.0-only	GPL-COPYING,MIT-COPYING	-	Deepin innogpu-fh2m 20250421190503-debug source payload	imported-unmodified	-	declared-rights-review-pending	Copyright      Copyright (c) Imagination Technologies Ltd. All Rights Reserved
drivers/innosrvkm/g3_ne_hdmi.c	388b69f03a663d5a37492e6b99cd3e46e5af974e89e90e27142b7ceaf6b56b95	dual-mit-gpl	Dual MIT/GPLv2	MIT OR GPL-2.0-only	GPL-COPYING,MIT-COPYING	-	Deepin innogpu-fh2m 20250421190503-debug source payload	imported-unmodified	-	declared-rights-review-pending	"Copyright		Copyright (c) Innosilicon Technology Ltd. All Rights Reserved"
drivers/innosrvkm/g3_pdp0_hw.c	d6d9b89abb8b3273e3cd461dbeea78da26c38a0276a4b14dffa21539643e9455	dual-mit-gpl	Dual MIT/GPLv2	MIT OR GPL-2.0-only	GPL-COPYING,MIT-COPYING	-	Deepin innogpu-fh2m 20250421190503-debug source payload	imported-unmodified	-	declared-rights-review-pending	"Copyright		Copyright (c) Innosilicon Technology Ltd. All Rights Reserved"
drivers/innosrvkm/gen_g3_ne_hdmi.c	6c968d21cbb2e9e4ff0a700d8bb4a9dfb8b81370d875a88be5d5826f1401dd91	dual-mit-gpl	Dual MIT/GPLv2	MIT OR GPL-2.0-only	GPL-COPYING,MIT-COPYING	-	Deepin innogpu-fh2m 20250421190503-debug source payload	project-modified	patch-001	declared-rights-review-pending	"Copyright		Copyright (c) Innosilicon Technology Ltd. All Rights Reserved"
drivers/innosrvkm/include/allocmem.h	2f2a830c330f4e18cc68a1ba42235d4c1c5538316839da0fabda88a233ca2469	dual-mit-gpl	Dual MIT/GPLv2	MIT OR GPL-2.0-only	GPL-COPYING,MIT-COPYING	-	Deepin innogpu-fh2m 20250421190503-debug source payload	imported-unmodified	-	declared-rights-review-pending	Copyright      Copyright (c) Imagination Technologies Ltd. All Rights Reserved
drivers/innosrvkm/include/cache_km.h	450c3f0c59ee2a7bffabb8bf6d133f2e60e36c09a0b7a7c6463d3496f47886d2	dual-mit-gpl	Dual MIT/GPLv2	MIT OR GPL-2.0-only	GPL-COPYING,MIT-COPYING	-	Deepin innogpu-fh2m 20250421190503-debug source payload	imported-unmodified	-	declared-rights-review-pending	Copyright      Copyright (c) Imagination Technologies Ltd. All Rights Reserved
drivers/innosrvkm/include/cache_ops.h	c8bcb3ddeec37afc6b6d75f7947bab37a915aa0dd1d71018e232e2d87785ad1b	dual-mit-gpl	Dual MIT/GPLv2	MIT OR GPL-2.0-only	GPL-COPYING,MIT-COPYING	-	Deepin innogpu-fh2m 20250421190503-debug source payload	imported-unmodified	-	declared-rights-review-pending	Copyright      Copyright (c) Imagination Technologies Ltd. All Rights Reserved
drivers/innosrvkm/include/common_cache_bridge.h	90b27f67f7e8347273fd409ac3997ee35547a69c2b2a83fd633878a34ab1f0f3	dual-mit-gpl	Dual MIT/GPLv2	MIT OR GPL-2.0-only	GPL-COPYING,MIT-COPYING	-	Deepin innogpu-fh2m 20250421190503-debug source payload	imported-unmodified	-	declared-rights-review-pending	Copyright      Copyright (c) Imagination Technologies Ltd. All Rights Reserved
drivers/innosrvkm/include/common_cmm_bridge.h	12ce05142eb05987d816f671df771560a3890d6c36b94906300c889e175411ef	dual-mit-gpl	Dual MIT/GPLv2	MIT OR GPL-2.0-only	GPL-COPYING,MIT-COPYING	-	Deepin innogpu-fh2m 20250421190503-debug source payload	imported-unmodified	-	declared-rights-review-pending	Copyright      Copyright (c) Imagination Technologies Ltd. All Rights Reserved
drivers/innosrvkm/include/common_devicememhistory_bridge.h	90a1005b1e1cf090e40a2073f05b299b3d0510fb5a0d78274a6801cfa15c5260	dual-mit-gpl	Dual MIT/GPLv2	MIT OR GPL-2.0-only	GPL-COPYING,MIT-COPYING	-	Deepin innogpu-fh2m 20250421190503-debug source payload	imported-unmodified	-	declared-rights-review-pending	Copyright      Copyright (c) Imagination Technologies Ltd. All Rights Reserved
drivers/innosrvkm/include/common_di_bridge.h	1fe6f35115a3f72f6f7b16b754bf6fda255c5b9319532570198277a960a1eab5	dual-mit-gpl	Dual MIT/GPLv2	MIT OR GPL-2.0-only	GPL-COPYING,MIT-COPYING	-	Deepin innogpu-fh2m 20250421190503-debug source payload	imported-unmodified	-	declared-rights-review-pending	Copyright      Copyright (c) Imagination Technologies Ltd. All Rights Reserved
drivers/innosrvkm/include/common_dma_bridge.h	12efef1086ef55ab9fa81054a30129cfbe0fb21229a68714798b6262f11ad126	dual-mit-gpl	Dual MIT/GPLv2	MIT OR GPL-2.0-only	GPL-COPYING,MIT-COPYING	-	Deepin innogpu-fh2m 20250421190503-debug source payload	imported-unmodified	-	declared-rights-review-pending	Copyright      Copyright (c) Imagination Technologies Ltd. All Rights Reserved
drivers/innosrvkm/include/common_dmabuf_bridge.h	4c6c6c71648025aa6bfef01dbdc3619d87a3df47c64a233da7392dbe4b7256cf	dual-mit-gpl	Dual MIT/GPLv2	MIT OR GPL-2.0-only	GPL-COPYING,MIT-COPYING	-	Deepin innogpu-fh2m 20250421190503-debug source payload	imported-unmodified	-	declared-rights-review-pending	Copyright      Copyright (c) Imagination Technologies Ltd. All Rights Reserved
drivers/innosrvkm/include/common_htbuffer_bridge.h	7ea4fb95293e81ced19e3596c7d48f5fc9488be9401e8d8b198829b4a249b5d7	dual-mit-gpl	Dual MIT/GPLv2	MIT OR GPL-2.0-only	GPL-COPYING,MIT-COPYING	-	Deepin innogpu-fh2m 20250421190503-debug source payload	imported-unmodified	-	declared-rights-review-pending	Copyright      Copyright (c) Imagination Technologies Ltd. All Rights Reserved
drivers/innosrvkm/include/common_innogpu_bridge.h	6cd66533a83bec7757fbbf985e4fee980b1826f81e818afaa3a8c30e26bc3c62	dual-mit-gpl	Dual MIT/GPLv2	MIT OR GPL-2.0-only	GPL-COPYING,MIT-COPYING	-	Deepin innogpu-fh2m 20250421190503-debug source payload	imported-unmodified	-	declared-rights-review-pending	Copyright      Copyright (c) Innosilicon Technology Ltd. All Rights Reserved
drivers/innosrvkm/include/common_mm_bridge.h	5656b0a7e87f50ec9eb41de8c6d8b3f3b5c1a2882a6317cd35786d60014e6c7d	dual-mit-gpl	Dual MIT/GPLv2	MIT OR GPL-2.0-only	GPL-COPYING,MIT-COPYING	-	Deepin innogpu-fh2m 20250421190503-debug source payload	imported-unmodified	-	declared-rights-review-pending	Copyright      Copyright (c) Imagination Technologies Ltd. All Rights Reserved
drivers/innosrvkm/include/common_mmextmem_bridge.h	ed770a97450e4ef67ab6c69ddcd5e5ece19a11ddd8402840bcd2f699b72f625e	dual-mit-gpl	Dual MIT/GPLv2	MIT OR GPL-2.0-only	GPL-COPYING,MIT-COPYING	-	Deepin innogpu-fh2m 20250421190503-debug source payload	imported-unmodified	-	declared-rights-review-pending	Copyright      Copyright (c) Imagination Technologies Ltd. All Rights Reserved
drivers/innosrvkm/include/common_pvrtl_bridge.h	3a760ed79dedc7f71422ffffb430e27ff09f6575aa930c312aa2ae4d646dfc2b	dual-mit-gpl	Dual MIT/GPLv2	MIT OR GPL-2.0-only	GPL-COPYING,MIT-COPYING	-	Deepin innogpu-fh2m 20250421190503-debug source payload	imported-unmodified	-	declared-rights-review-pending	Copyright      Copyright (c) Imagination Technologies Ltd. All Rights Reserved
drivers/innosrvkm/include/common_rgxcmp_bridge.h	7510fe6106c75e76098e2f427ffff3a710c8da6d4a05fe41576723587da4bb31	dual-mit-gpl	Dual MIT/GPLv2	MIT OR GPL-2.0-only	GPL-COPYING,MIT-COPYING	-	Deepin innogpu-fh2m 20250421190503-debug source payload	imported-unmodified	-	declared-rights-review-pending	Copyright      Copyright (c) Imagination Technologies Ltd. All Rights Reserved
drivers/innosrvkm/include/common_rgxfwdbg_bridge.h	e4a534bacf0dbd3a366fef0fc733a91b2156e52f5816936647635c286e590eae	dual-mit-gpl	Dual MIT/GPLv2	MIT OR GPL-2.0-only	GPL-COPYING,MIT-COPYING	-	Deepin innogpu-fh2m 20250421190503-debug source payload	imported-unmodified	-	declared-rights-review-pending	Copyright      Copyright (c) Imagination Technologies Ltd. All Rights Reserved
drivers/innosrvkm/include/common_rgxhwperf_bridge.h	f25059339c7e70fcf464a6464349f5011413bb272bebe9130a6efd3c7816a0b7	dual-mit-gpl	Dual MIT/GPLv2	MIT OR GPL-2.0-only	GPL-COPYING,MIT-COPYING	-	Deepin innogpu-fh2m 20250421190503-debug source payload	imported-unmodified	-	declared-rights-review-pending	Copyright      Copyright (c) Imagination Technologies Ltd. All Rights Reserved
drivers/innosrvkm/include/common_rgxkicksync_bridge.h	26c743e665816f971ba692ddde0484f437e46409e7960757263173e9c2c0a8c9	dual-mit-gpl	Dual MIT/GPLv2	MIT OR GPL-2.0-only	GPL-COPYING,MIT-COPYING	-	Deepin innogpu-fh2m 20250421190503-debug source payload	imported-unmodified	-	declared-rights-review-pending	Copyright      Copyright (c) Imagination Technologies Ltd. All Rights Reserved
drivers/innosrvkm/include/common_rgxray_bridge.h	87ac3cfff8142d16a20754367b6f681d7e005f61a0f037e04a62d1155d2a6396	dual-mit-gpl	Dual MIT/GPLv2	MIT OR GPL-2.0-only	GPL-COPYING,MIT-COPYING	-	Deepin innogpu-fh2m 20250421190503-debug source payload	imported-unmodified	-	declared-rights-review-pending	Copyright      Copyright (c) Imagination Technologies Ltd. All Rights Reserved
drivers/innosrvkm/include/common_rgxregconfig_bridge.h	34c66ecc9bd48e4c9213275e169f81ceea1d0f462ee5b63428aaed23efdf0cdd	dual-mit-gpl	Dual MIT/GPLv2	MIT OR GPL-2.0-only	GPL-COPYING,MIT-COPYING	-	Deepin innogpu-fh2m 20250421190503-debug source payload	imported-unmodified	-	declared-rights-review-pending	Copyright      Copyright (c) Imagination Technologies Ltd. All Rights Reserved
drivers/innosrvkm/include/common_rgxta3d_bridge.h	b0c35c01eed6f68c40ec24a526c0aa430932a439151a17a3a36865c92c0bc61a	dual-mit-gpl	Dual MIT/GPLv2	MIT OR GPL-2.0-only	GPL-COPYING,MIT-COPYING	-	Deepin innogpu-fh2m 20250421190503-debug source payload	imported-unmodified	-	declared-rights-review-pending	Copyright      Copyright (c) Imagination Technologies Ltd. All Rights Reserved
drivers/innosrvkm/include/common_rgxtimerquery_bridge.h	9ad654ff3fb0c5138ac5b587623a76f610d8f596645919511248cba51974e2f6	dual-mit-gpl	Dual MIT/GPLv2	MIT OR GPL-2.0-only	GPL-COPYING,MIT-COPYING	-	Deepin innogpu-fh2m 20250421190503-debug source payload	imported-unmodified	-	declared-rights-review-pending	Copyright      Copyright (c) Imagination Technologies Ltd. All Rights Reserved
drivers/innosrvkm/include/common_rgxtq2_bridge.h	1a5389ffb3b2699a86cf40bc380951cb553284a8a6f1ce82baace645260e86f4	dual-mit-gpl	Dual MIT/GPLv2	MIT OR GPL-2.0-only	GPL-COPYING,MIT-COPYING	-	Deepin innogpu-fh2m 20250421190503-debug source payload	imported-unmodified	-	declared-rights-review-pending	Copyright      Copyright (c) Imagination Technologies Ltd. All Rights Reserved
drivers/innosrvkm/include/common_srvcore_bridge.h	63bd1b98e01c8001119a7f7f9dcceab37ea18c1ab615605ccb6ccabe4b31e851	dual-mit-gpl	Dual MIT/GPLv2	MIT OR GPL-2.0-only	GPL-COPYING,MIT-COPYING	-	Deepin innogpu-fh2m 20250421190503-debug source payload	imported-unmodified	-	declared-rights-review-pending	Copyright      Copyright (c) Imagination Technologies Ltd. All Rights Reserved
drivers/innosrvkm/include/common_sync_bridge.h	2dc9ed259beb06f80f1b5faeff939df059b82d08cd9f131abc048e64afbdec02	dual-mit-gpl	Dual MIT/GPLv2	MIT OR GPL-2.0-only	GPL-COPYING,MIT-COPYING	-	Deepin innogpu-fh2m 20250421190503-debug source payload	imported-unmodified	-	declared-rights-review-pending	Copyright      Copyright (c) Imagination Technologies Ltd. All Rights Reserved
drivers/innosrvkm/include/common_synctracking_bridge.h	a2c92f23da279f4b5866719b795fdb78b3c8d03e1f9f244ce8b4f6a62b17bd2d	dual-mit-gpl	Dual MIT/GPLv2	MIT OR GPL-2.0-only	GPL-COPYING,MIT-COPYING	-	Deepin innogpu-fh2m 20250421190503-debug source payload	imported-unmodified	-	declared-rights-review-pending	Copyright      Copyright (c) Imagination Technologies Ltd. All Rights Reserved
drivers/innosrvkm/include/config_kernel.h	78efc2d53e5bd03e889488eb39f713e0581348ff0339b0d4ccd23c5387bd6dec	unclassified	no mechanically recognized declaration	NOASSERTION	-	-	Deepin innogpu-fh2m 20250421190503-debug source payload	imported-unmodified	-	blocked-unclassified	-
drivers/innosrvkm/include/configs/rgxconfig_km_35.V.1632.23.h	22e571bcb4cd8c673ba2f2e1c0820e34c11638e8f54ff7606d6e6bdfa99bab70	dual-mit-gpl	Dual MIT/GPLv2	MIT OR GPL-2.0-only	GPL-COPYING,MIT-COPYING	-	Deepin innogpu-fh2m 20250421190503-debug source payload	imported-unmodified	-	declared-rights-review-pending	Copyright      Copyright (c) Imagination Technologies Ltd. All Rights Reserved
drivers/innosrvkm/include/connection_server.h	3687c9408d25805092be824a25fbe67fbf4ecfd921fca865c4d8ab9fa2e1c439	dual-mit-gpl	Dual MIT/GPLv2	MIT OR GPL-2.0-only	GPL-COPYING,MIT-COPYING	-	Deepin innogpu-fh2m 20250421190503-debug source payload	imported-unmodified	-	declared-rights-review-pending	Copyright      Copyright (c) Imagination Technologies Ltd. All Rights Reserved
drivers/innosrvkm/include/cores/rgxcore_km_35.2.1632.23.h	929694e40d2bc92ebce11577d1ee67421e5825c688536784040b81c265f6de37	dual-mit-gpl	Dual MIT/GPLv2	MIT OR GPL-2.0-only	GPL-COPYING,MIT-COPYING	-	Deepin innogpu-fh2m 20250421190503-debug source payload	imported-unmodified	-	declared-rights-review-pending	Copyright      Copyright (c) Imagination Technologies Ltd. All Rights Reserved
drivers/innosrvkm/include/cores/rgxcore_km_35.4.1632.23.h	6d156893916b1993ae888f000d4c7b438f3c7c9c378a63e969eef55ce72aa464	dual-mit-gpl	Dual MIT/GPLv2	MIT OR GPL-2.0-only	GPL-COPYING,MIT-COPYING	-	Deepin innogpu-fh2m 20250421190503-debug source payload	imported-unmodified	-	declared-rights-review-pending	Copyright      Copyright (c) Imagination Technologies Ltd. All Rights Reserved
drivers/innosrvkm/include/debug_common.h	4ab348ad0f13145cc6118454166ff87c83fa7e44c4438237adb6f4d6e9c22061	dual-mit-gpl	Dual MIT/GPLv2	MIT OR GPL-2.0-only	GPL-COPYING,MIT-COPYING	-	Deepin innogpu-fh2m 20250421190503-debug source payload	imported-unmodified	-	declared-rights-review-pending	Copyright      Copyright (c) Imagination Technologies Ltd. All Rights Reserved
drivers/innosrvkm/include/device.h	786594b92cd369301d90935ae3b26042d7b800c6198549fbeb434bc534ed5307	dual-mit-gpl	Dual MIT/GPLv2	MIT OR GPL-2.0-only	GPL-COPYING,MIT-COPYING	-	Deepin innogpu-fh2m 20250421190503-debug source payload	imported-unmodified	-	declared-rights-review-pending	Copyright      Copyright (c) Imagination Technologies Ltd. All Rights Reserved
drivers/innosrvkm/include/device_connection.h	7a64596edb7e55eab2859b7d531384893c5fbcbbc001c1ca880ad4f46a802bb0	dual-mit-gpl	Dual MIT/GPLv2	MIT OR GPL-2.0-only	GPL-COPYING,MIT-COPYING	-	Deepin innogpu-fh2m 20250421190503-debug source payload	imported-unmodified	-	declared-rights-review-pending	Copyright      Copyright (c) Imagination Technologies Ltd. All Rights Reserved
drivers/innosrvkm/include/devicemem.h	01a2560e6cbbeb616b4e2784664ceb84e06028a21138695fc52fd9bf40c934e1	dual-mit-gpl	Dual MIT/GPLv2	MIT OR GPL-2.0-only	GPL-COPYING,MIT-COPYING	-	Deepin innogpu-fh2m 20250421190503-debug source payload	imported-unmodified	-	declared-rights-review-pending	Copyright      Copyright (c) Imagination Technologies Ltd. All Rights Reserved
drivers/innosrvkm/include/devicemem_heapcfg.h	c277eff2b74445c2176b825d20fd30b1e122e1def27e32b6e4221fdd3772f536	dual-mit-gpl	Dual MIT/GPLv2	MIT OR GPL-2.0-only	GPL-COPYING,MIT-COPYING	-	Deepin innogpu-fh2m 20250421190503-debug source payload	imported-unmodified	-	declared-rights-review-pending	Copyright      Copyright (c) Imagination Technologies Ltd. All Rights Reserved | Copyright (c) Innosilicon Technology Ltd. All Rights Reserved
drivers/innosrvkm/include/devicemem_server.h	40d076dc8fd4f0f2d49606aab45cab2a603d024d3297ab8a80db1b61e4c16250	dual-mit-gpl	Dual MIT/GPLv2	MIT OR GPL-2.0-only	GPL-COPYING,MIT-COPYING	-	Deepin innogpu-fh2m 20250421190503-debug source payload	imported-unmodified	-	declared-rights-review-pending	Copyright      Copyright (c) Imagination Technologies Ltd. All Rights Reserved
drivers/innosrvkm/include/devicemem_server_utils.h	0c5cf681ff09ac170ff07f935c9735a769449a6dd6ac8c87bb34ee475f91b184	dual-mit-gpl	Dual MIT/GPLv2	MIT OR GPL-2.0-only	GPL-COPYING,MIT-COPYING	-	Deepin innogpu-fh2m 20250421190503-debug source payload	imported-unmodified	-	declared-rights-review-pending	Copyright      Copyright (c) Imagination Technologies Ltd. All Rights Reserved
drivers/innosrvkm/include/devicemem_typedefs.h	a5f83ab79f13222493d2eccb7615791723a50c92aec16d18ebd637381735fa5b	dual-mit-gpl	Dual MIT/GPLv2	MIT OR GPL-2.0-only	GPL-COPYING,MIT-COPYING	-	Deepin innogpu-fh2m 20250421190503-debug source payload	imported-unmodified	-	declared-rights-review-pending	Copyright      Copyright (c) Imagination Technologies Ltd. All Rights Reserved
drivers/innosrvkm/include/devicemem_utils.h	edc99a2896701a80fd57ef9c56053937f12712c9e28281109b6c92454553b551	dual-mit-gpl	Dual MIT/GPLv2	MIT OR GPL-2.0-only	GPL-COPYING,MIT-COPYING	-	Deepin innogpu-fh2m 20250421190503-debug source payload	imported-unmodified	-	declared-rights-review-pending	Copyright      Copyright (c) Imagination Technologies Ltd. All Rights Reserved
drivers/innosrvkm/include/di_common.h	5b1822784bae05f19f2ad70b38d99829ed29324a53f4a956e50d603da242d58c	dual-mit-gpl	Dual MIT/GPLv2	MIT OR GPL-2.0-only	GPL-COPYING,MIT-COPYING	-	Deepin innogpu-fh2m 20250421190503-debug source payload	imported-unmodified	-	declared-rights-review-pending	Copyright      Copyright (c) Imagination Technologies Ltd. All Rights Reserved
drivers/innosrvkm/include/di_server.h	de4e5bc62be50c4e8d8f8be283576a02d7ad7602610734c16162ce4b282ac8d2	dual-mit-gpl	Dual MIT/GPLv2	MIT OR GPL-2.0-only	GPL-COPYING,MIT-COPYING	-	Deepin innogpu-fh2m 20250421190503-debug source payload	imported-unmodified	-	declared-rights-review-pending	Copyright      Copyright (c) Imagination Technologies Ltd. All Rights Reserved
drivers/innosrvkm/include/dllist.h	af9aeb98c943fdcd04d4264c1e21130cfe7479852ef252f1b5ba5499eb824972	dual-mit-gpl	Dual MIT/GPLv2	MIT OR GPL-2.0-only	GPL-COPYING,MIT-COPYING	-	Deepin innogpu-fh2m 20250421190503-debug source payload	imported-unmodified	-	declared-rights-review-pending	Copyright      Copyright (c) Imagination Technologies Ltd. All Rights Reserved
drivers/innosrvkm/include/dma_km.h	61d1409a491587054d71805fb1be37cd27c5054864ce6139d3ebbbb3c771bad0	dual-mit-gpl	Dual MIT/GPLv2	MIT OR GPL-2.0-only	GPL-COPYING,MIT-COPYING	-	Deepin innogpu-fh2m 20250421190503-debug source payload	imported-unmodified	-	declared-rights-review-pending	Copyright      Copyright (c) Imagination Technologies Ltd. All Rights Reserved
drivers/innosrvkm/include/dma_support.h	630a24cff29e0e0708b5c977cf5998c77ba75e9a217588cf14f9b6c873cd7e3e	dual-mit-gpl	Dual MIT/GPLv2	MIT OR GPL-2.0-only	GPL-COPYING,MIT-COPYING	-	Deepin innogpu-fh2m 20250421190503-debug source payload	imported-unmodified	-	declared-rights-review-pending	Copyright      Copyright (c) Imagination Technologies Ltd. All Rights Reserved
drivers/innosrvkm/include/env_connection.h	7774a968f36e5e8af0b1d3ec759f8e417e7f0b18c73148af8b1ebe318cd31fbf	dual-mit-gpl	Dual MIT/GPLv2	MIT OR GPL-2.0-only	GPL-COPYING,MIT-COPYING	-	Deepin innogpu-fh2m 20250421190503-debug source payload	imported-unmodified	-	declared-rights-review-pending	Copyright      Copyright (c) Imagination Technologies Ltd. All Rights Reserved
drivers/innosrvkm/include/event.h	0c1c0c835f5af89911e697a388e59266b7d18721f7cb75ae040b7da0e826cdb6	dual-mit-gpl	Dual MIT/GPLv2	MIT OR GPL-2.0-only	GPL-COPYING,MIT-COPYING	-	Deepin innogpu-fh2m 20250421190503-debug source payload	imported-unmodified	-	declared-rights-review-pending	Copyright      Copyright (c) Imagination Technologies Ltd. All Rights Reserved
drivers/innosrvkm/include/fwload.h	2398497fe508ea00cd34a8796ff10a03d30b21cec35b9a65082920f561ddb711	dual-mit-gpl	Dual MIT/GPLv2	MIT OR GPL-2.0-only	GPL-COPYING,MIT-COPYING	-	Deepin innogpu-fh2m 20250421190503-debug source payload	imported-unmodified	-	declared-rights-review-pending	Copyright      Copyright (c) Imagination Technologies Ltd. All Rights Reserved
drivers/innosrvkm/include/g0_pdp0_hw.h	3e81ccfdf3fc4776c304e26fe1ab84663aa290d8eea00b0c0ddd32aea240f5c0	unclassified	no mechanically recognized declaration	NOASSERTION	-	-	Deepin innogpu-fh2m 20250421190503-debug source payload	imported-unmodified	-	blocked-unclassified	-
drivers/innosrvkm/include/g0_soc_audio.h	2e5e159a3ae2d58f5143c9ba8b6aa2724c3691b3f5bf106b701eb4d0cf4659b7	dual-mit-gpl	Dual MIT/GPLv2	MIT OR GPL-2.0-only	GPL-COPYING,MIT-COPYING	-	Deepin innogpu-fh2m 20250421190503-debug source payload	imported-unmodified	-	declared-rights-review-pending	"Copyright		Copyright (c) Innosilicon Technology Ltd. All Rights Reserved"
drivers/innosrvkm/include/g0m_pdp0_hw.h	2e2c608759622612dec6046296c9d40be07db05ab705e55a9d245a3e66871e78	unclassified	no mechanically recognized declaration	NOASSERTION	-	-	Deepin innogpu-fh2m 20250421190503-debug source payload	imported-unmodified	-	blocked-unclassified	-
drivers/innosrvkm/include/g1_pdp0_hw.h	bec88a7a739864e84b9bd7ce430a5ca81671157e6e82598d99fd47238f4ae368	unclassified	no mechanically recognized declaration	NOASSERTION	-	-	Deepin innogpu-fh2m 20250421190503-debug source payload	imported-unmodified	-	blocked-unclassified	-
drivers/innosrvkm/include/g1_soc_audio.h	8fe7edebe4bfc32b2189a3e0b197e88d955fed6ccb8b8a861f1474611a132fd6	dual-mit-gpl	Dual MIT/GPLv2	MIT OR GPL-2.0-only	GPL-COPYING,MIT-COPYING	-	Deepin innogpu-fh2m 20250421190503-debug source payload	imported-unmodified	-	declared-rights-review-pending	"Copyright		Copyright (c) Innosilicon Technology Ltd. All Rights Reserved"
drivers/innosrvkm/include/g1p_pdp0_hw.h	0d3a8e3590be1a1112f0b359775d918a97157b513549a6e72c9073ee9772f588	unclassified	no mechanically recognized declaration	NOASSERTION	-	-	Deepin innogpu-fh2m 20250421190503-debug source payload	imported-unmodified	-	blocked-unclassified	-
drivers/innosrvkm/include/g1p_soc_audio.h	cd29e74848e5163ac04c94c307e5c459e4169741da53bb8568d686d36db6b694	dual-mit-gpl	Dual MIT/GPLv2	MIT OR GPL-2.0-only	GPL-COPYING,MIT-COPYING	-	Deepin innogpu-fh2m 20250421190503-debug source payload	imported-unmodified	-	declared-rights-review-pending	"Copyright		Copyright (c) Innosilicon Technology Ltd. All Rights Reserved"
drivers/innosrvkm/include/g3_ne_hdmi.h	83b45ef8473c3cbc4c5e8909c136e9ee63fb61d6a130650f76c46858b4ffe1ae	dual-mit-gpl	Dual MIT/GPLv2	MIT OR GPL-2.0-only	GPL-COPYING,MIT-COPYING	-	Deepin innogpu-fh2m 20250421190503-debug source payload	imported-unmodified	-	declared-rights-review-pending	"Copyright		Copyright (c) Innosilicon Technology Ltd. All Rights Reserved"
drivers/innosrvkm/include/g3_pdp0_hw.h	7f1987efad796b84052ee754b5eb6046c9bb632b796f6ef6c1d3eeda344285d3	unclassified	no mechanically recognized declaration	NOASSERTION	-	-	Deepin innogpu-fh2m 20250421190503-debug source payload	imported-unmodified	-	blocked-unclassified	-
drivers/innosrvkm/include/gen_g3_ne_hdmi.h	37e444495b7e2140072663cffb7d7cd8cc91c4ebfb7faf5596953be514549a92	dual-mit-gpl	Dual MIT/GPLv2	MIT OR GPL-2.0-only	GPL-COPYING,MIT-COPYING	-	Deepin innogpu-fh2m 20250421190503-debug source payload	imported-unmodified	-	declared-rights-review-pending	"Copyright		Copyright (c) Innosilicon Technology Ltd. All Rights Reserved"
drivers/innosrvkm/include/handle.h	6db258d4d7b6628234f69382280d67dc1b5ad01ef22b0df3276584be4a40bfae	dual-mit-gpl	Dual MIT/GPLv2	MIT OR GPL-2.0-only	GPL-COPYING,MIT-COPYING	-	Deepin innogpu-fh2m 20250421190503-debug source payload	imported-unmodified	-	declared-rights-review-pending	Copyright      Copyright (c) Imagination Technologies Ltd. All Rights Reserved
drivers/innosrvkm/include/handle_impl.h	2820f8f02c6490c632cefc360621633757b0e285192febd751b3336fbb297ad4	dual-mit-gpl	Dual MIT/GPLv2	MIT OR GPL-2.0-only	GPL-COPYING,MIT-COPYING	-	Deepin innogpu-fh2m 20250421190503-debug source payload	imported-unmodified	-	declared-rights-review-pending	Copyright      Copyright (c) Imagination Technologies Ltd. All Rights Reserved
drivers/innosrvkm/include/handle_types.h	c8fab74a7fd305f07f03a5b7fa7cb1ca02b88c4cee8f87187e37c04ae7eda82c	dual-mit-gpl	Dual MIT/GPLv2	MIT OR GPL-2.0-only	GPL-COPYING,MIT-COPYING	-	Deepin innogpu-fh2m 20250421190503-debug source payload	imported-unmodified	-	declared-rights-review-pending	Copyright      Copyright (c) Imagination Technologies Ltd. All Rights Reserved
drivers/innosrvkm/include/hash.h	c863d8664262557bae4b4fbd31082284b03c57d656d76a2082163b7823963663	dual-mit-gpl	Dual MIT/GPLv2	MIT OR GPL-2.0-only	GPL-COPYING,MIT-COPYING	-	Deepin innogpu-fh2m 20250421190503-debug source payload	imported-unmodified	-	declared-rights-review-pending	Copyright      Copyright (c) Imagination Technologies Ltd. All Rights Reserved
drivers/innosrvkm/include/htbserver.h	da0427ad7432597f8eeddfb8ebaf392ef2f456e7495efe2ce6e24eb796465d70	dual-mit-gpl	Dual MIT/GPLv2	MIT OR GPL-2.0-only	GPL-COPYING,MIT-COPYING	-	Deepin innogpu-fh2m 20250421190503-debug source payload	imported-unmodified	-	declared-rights-review-pending	Copyright      Copyright (c) Imagination Technologies Ltd. All Rights Reserved
drivers/innosrvkm/include/htbuffer.h	e0500e5fc372a388cc4b430a0bd28911e7a57afd8bde24fc583b0912215e0d46	dual-mit-gpl	Dual MIT/GPLv2	MIT OR GPL-2.0-only	GPL-COPYING,MIT-COPYING	-	Deepin innogpu-fh2m 20250421190503-debug source payload	imported-unmodified	-	declared-rights-review-pending	Copyright      Copyright (c) Imagination Technologies Ltd. All Rights Reserved
drivers/innosrvkm/include/htbuffer_sf.h	6b14146b04e7bbcf8c765374baa1f1ffed3519b0e9f04492f5bd2c9baf61d11a	dual-mit-gpl	Dual MIT/GPLv2	MIT OR GPL-2.0-only	GPL-COPYING,MIT-COPYING	-	Deepin innogpu-fh2m 20250421190503-debug source payload	imported-unmodified	-	declared-rights-review-pending	Copyright      Copyright (c) Imagination Technologies Ltd. All Rights Reserved
drivers/innosrvkm/include/htbuffer_types.h	36f710a5c02b5a0e5348625eb7a5b334e00f7cca363ab984aecfc6981272752b	dual-mit-gpl	Dual MIT/GPLv2	MIT OR GPL-2.0-only	GPL-COPYING,MIT-COPYING	-	Deepin innogpu-fh2m 20250421190503-debug source payload	imported-unmodified	-	declared-rights-review-pending	Copyright      Copyright (c) Imagination Technologies Ltd. All Rights Reserved
drivers/innosrvkm/include/img_3dtypes.h	5be8f202f1632d5d8ab65ea8e9dc912fd4dccf08404cfdb4264191598b57fa38	dual-mit-gpl	Dual MIT/GPLv2	MIT OR GPL-2.0-only	GPL-COPYING,MIT-COPYING	-	Deepin innogpu-fh2m 20250421190503-debug source payload	imported-unmodified	-	declared-rights-review-pending	Copyright      Copyright (c) Imagination Technologies Ltd. All Rights Reserved
drivers/innosrvkm/include/img_defs.h	bd49efba6ee083d204a98edfba017f91853fadfaf0344d9cb885a07d683e03ad	dual-mit-gpl	Dual MIT/GPLv2	MIT OR GPL-2.0-only	GPL-COPYING,MIT-COPYING	-	Deepin innogpu-fh2m 20250421190503-debug source payload	imported-unmodified	-	declared-rights-review-pending	Copyright      Copyright (c) Imagination Technologies Ltd. All Rights Reserved
drivers/innosrvkm/include/img_drm_fourcc_internal.h	be995bb801db4687f84880d4ac24de05082d8e6693ab1aaaaeed39a8653b9292	dual-mit-gpl	Dual MIT/GPLv2	MIT OR GPL-2.0-only	GPL-COPYING,MIT-COPYING	-	Deepin innogpu-fh2m 20250421190503-debug source payload	imported-unmodified	-	declared-rights-review-pending	Copyright      Copyright (c) Imagination Technologies Ltd. All Rights Reserved
drivers/innosrvkm/include/img_elf.h	e203123b68ff733d0ad63cc207692110a06713b20e914cd9de0adef0135ecc78	dual-mit-gpl	Dual MIT/GPLv2	MIT OR GPL-2.0-only	GPL-COPYING,MIT-COPYING	-	Deepin innogpu-fh2m 20250421190503-debug source payload	imported-unmodified	-	declared-rights-review-pending	Copyright      Copyright (c) Imagination Technologies Ltd. All Rights Reserved
drivers/innosrvkm/include/img_types.h	d3ee3b19423811b9f3c8ce12ba9e94d7c4b74e95dcb32bc5c3e17d1c97841b18	dual-mit-gpl	Dual MIT/GPLv2	MIT OR GPL-2.0-only	GPL-COPYING,MIT-COPYING	-	Deepin innogpu-fh2m 20250421190503-debug source payload	imported-unmodified	-	declared-rights-review-pending	Copyright      Copyright (c) Imagination Technologies Ltd. All Rights Reserved
drivers/innosrvkm/include/info_page_defs.h	7dc2c6304ee78f741007a92a66f5e49e562eebbfee8b73361013d796e17db2d9	dual-mit-gpl	Dual MIT/GPLv2	MIT OR GPL-2.0-only	GPL-COPYING,MIT-COPYING	-	Deepin innogpu-fh2m 20250421190503-debug source payload	imported-unmodified	-	declared-rights-review-pending	Copyright      Copyright (c) Imagination Technologies Ltd. All Rights Reserved
drivers/innosrvkm/include/inno_debugfs.h	2153a2e5ae4390348e612d2f6340dc59cb78d02c4f039951a93091e4469a9613	dual-mit-gpl	Dual MIT/GPLv2	MIT OR GPL-2.0-only	GPL-COPYING,MIT-COPYING	-	Deepin innogpu-fh2m 20250421190503-debug source payload	imported-unmodified	-	declared-rights-review-pending	Copyright (c) Innosilicon Technology Ltd. All Rights Reserved
drivers/innosrvkm/include/inno_drm_version.h	cd7f8067a0db443d953c9cb0f4add539ef09299d758b4c72fa7de966b974dacf	dual-mit-gpl	Dual MIT/GPLv2	MIT OR GPL-2.0-only	GPL-COPYING,MIT-COPYING	-	Deepin innogpu-fh2m 20250421190503-debug source payload	imported-unmodified	-	declared-rights-review-pending	"Copyright		Copyright (c) Innosilicon Technology Ltd. All Rights Reserved"
drivers/innosrvkm/include/inno_physmem_dmabuf_helper.h	92910905a7abf1253f9e3ca61633cf33267b6b33a8cdab5fac30211a01a03c8d	dual-mit-gpl	Dual MIT/GPLv2	MIT OR GPL-2.0-only	GPL-COPYING,MIT-COPYING	-	Deepin innogpu-fh2m 20250421190503-debug source payload	imported-unmodified	-	declared-rights-review-pending	Copyright (c) Innosilicon Technology Ltd. All Rights Reserved
drivers/innosrvkm/include/inno_pmr.h	c31d5f3169c87dc760ca5acad75c84bd1857f8309f238c3c348388effa2647e3	dual-mit-gpl	Dual MIT/GPLv2	MIT OR GPL-2.0-only	GPL-COPYING,MIT-COPYING	-	Deepin innogpu-fh2m 20250421190503-debug source payload	imported-unmodified	-	declared-rights-review-pending	Copyright (c) Innosilicon Technology Ltd. All Rights Reserved
drivers/innosrvkm/include/inno_pvr_spec.h	3e0884ada1151e2bb3e216dace82599b588ddb0d5e0815d2f72293dcd0ba13c2	dual-mit-gpl	Dual MIT/GPLv2	MIT OR GPL-2.0-only	GPL-COPYING,MIT-COPYING	-	Deepin innogpu-fh2m 20250421190503-debug source payload	imported-unmodified	-	declared-rights-review-pending	Copyright (c) Innosilicon Technology Ltd. All Rights Reserved
drivers/innosrvkm/include/inno_trace.h	8a86a87d24821c506a023fc53b7998c240ad43195ca0dd78dfe29429d55388d4	dual-mit-gpl	Dual MIT/GPLv2	MIT OR GPL-2.0-only	GPL-COPYING,MIT-COPYING	-	Deepin innogpu-fh2m 20250421190503-debug source payload	imported-unmodified	-	declared-rights-review-pending	Copyright (c) Innosilicon Technology Ltd. All Rights Reserved
drivers/innosrvkm/include/innoaudio_chip_common.h	2ea4dbc73e2a2e41053ad52a73b731ae80828c0886a3f5ac3a9750794b76ef06	unclassified	no mechanically recognized declaration	NOASSERTION	-	-	Deepin innogpu-fh2m 20250421190503-debug source payload	imported-unmodified	-	blocked-unclassified	-
drivers/innosrvkm/include/innoaudio_drv.h	24ab44e2a838a7c5c030f46c78a567f6f999e807a51e85ef22812db401f1f903	dual-mit-gpl	Dual MIT/GPLv2	MIT OR GPL-2.0-only	GPL-COPYING,MIT-COPYING	-	Deepin innogpu-fh2m 20250421190503-debug source payload	imported-unmodified	-	declared-rights-review-pending	"Copyright		Copyright (c) Innosilicon Technology Ltd. All Rights Reserved"
drivers/innosrvkm/include/innoaudio_print.h	7ff3d02049471e9df59421e35f824cd646186eaa046c01cc48d3ca11900a2535	dual-mit-gpl	Dual MIT/GPLv2	MIT OR GPL-2.0-only	GPL-COPYING,MIT-COPYING	-	Deepin innogpu-fh2m 20250421190503-debug source payload	imported-unmodified	-	declared-rights-review-pending	"Copyright		Copyright (c) Innosilicon Technology Ltd. All Rights Reserved"
drivers/innosrvkm/include/innodpu_audio_api.h	363863612f06fb3c213eb5601b18aa2c0429aa4ee6282430013e0ca33c9ef1eb	dual-mit-gpl	Dual MIT/GPLv2	MIT OR GPL-2.0-only	GPL-COPYING,MIT-COPYING	-	Deepin innogpu-fh2m 20250421190503-debug source payload	imported-unmodified	-	declared-rights-review-pending	"Copyright		Copyright (c) Innosilicon Technology Ltd. All Rights Reserved"
drivers/innosrvkm/include/innodpu_common.h	c27d54ef6acb8f4d70013ce4ec368f0e284d9812b1d636aa282ba1a77ecfb592	dual-mit-gpl	Dual MIT/GPLv2	MIT OR GPL-2.0-only	GPL-COPYING,MIT-COPYING	-	Deepin innogpu-fh2m 20250421190503-debug source payload	imported-unmodified	-	declared-rights-review-pending	"Copyright		Copyright (c) Innosilicon Technology Ltd. All Rights Reserved"
drivers/innosrvkm/include/innodpu_common_drm_panel.h	15e4123db9da73ea8fdbfebc03e5979c9c789262ad7b023cdde23c7f793078a8	dual-mit-gpl	Dual MIT/GPLv2	MIT OR GPL-2.0-only	GPL-COPYING,MIT-COPYING	-	Deepin innogpu-fh2m 20250421190503-debug source payload	imported-unmodified	-	declared-rights-review-pending	"Copyright		Copyright (c) Innosilicon Technology Ltd. All Rights Reserved"
drivers/innosrvkm/include/innodpu_compatibility.h	21113f3839ca8f359238717988df36d2ac4924706fc62ec74aafa7606b33df87	dual-mit-gpl	Dual MIT/GPLv2	MIT OR GPL-2.0-only	GPL-COPYING,MIT-COPYING	-	Deepin innogpu-fh2m 20250421190503-debug source payload	project-modified	patch-025	declared-rights-review-pending	"Copyright		Copyright (c) Imagination Technologies Ltd. All Rights Reserved"
drivers/innosrvkm/include/innodpu_connector.h	a369e07edc84624371857fb423102688132d1ffdef6e5f765fddb52bffbad31b	dual-mit-gpl	Dual MIT/GPLv2	MIT OR GPL-2.0-only	GPL-COPYING,MIT-COPYING	-	Deepin innogpu-fh2m 20250421190503-debug source payload	imported-unmodified	-	declared-rights-review-pending	"Copyright		Copyright (c) Innosilicon Technology Ltd. All Rights Reserved"
drivers/innosrvkm/include/innodpu_dp.h	eef82512b9d78b5cf46aaa9118b7881d41e65d2ffc5291df7bf9cea3b75f2996	dual-mit-gpl	Dual MIT/GPLv2	MIT OR GPL-2.0-only	GPL-COPYING,MIT-COPYING	-	Deepin innogpu-fh2m 20250421190503-debug source payload	imported-unmodified	-	declared-rights-review-pending	"Copyright		Copyright (c) Innosilicon Technology Ltd. All Rights Reserved"
drivers/innosrvkm/include/innodpu_dp_audio_api.h	2fca252e069b82a284dec8d3245741f4abc7d63e69887183ab0fd319134cb8bb	dual-mit-gpl	Dual MIT/GPLv2	MIT OR GPL-2.0-only	GPL-COPYING,MIT-COPYING	-	Deepin innogpu-fh2m 20250421190503-debug source payload	imported-unmodified	-	declared-rights-review-pending	"Copyright		Copyright (c) Innosilicon Technology Ltd. All Rights Reserved"
drivers/innosrvkm/include/innodpu_dp_common.h	8edbf151b5cd0b989179551a195b7bbac933c18c971f7648f16ea89d3de8b689	dual-mit-gpl	Dual MIT/GPLv2	MIT OR GPL-2.0-only	GPL-COPYING,MIT-COPYING	-	Deepin innogpu-fh2m 20250421190503-debug source payload	imported-unmodified	-	declared-rights-review-pending	"Copyright		Copyright (c) Innosilicon Technology Ltd. All Rights Reserved"
drivers/innosrvkm/include/innodpu_dp_debugfs.h	2d4c1fb90e219595662b48327a2830a017c67ebd77d6d11fb7c2b3b084e8af35	dual-mit-gpl	Dual MIT/GPLv2	MIT OR GPL-2.0-only	GPL-COPYING,MIT-COPYING	-	Deepin innogpu-fh2m 20250421190503-debug source payload	imported-unmodified	-	declared-rights-review-pending	"Copyright		Copyright (c) Innosilicon Technology Ltd. All Rights Reserved"
drivers/innosrvkm/include/innodpu_dp_vcodiv.h	20ff13ad3abc984c940aed77060a60398017f7a059ee0e1d932bdbb9d8ac2d03	dual-mit-gpl	Dual MIT/GPLv2	MIT OR GPL-2.0-only	GPL-COPYING,MIT-COPYING	-	Deepin innogpu-fh2m 20250421190503-debug source payload	imported-unmodified	-	declared-rights-review-pending	"Copyright		Copyright (c) Innosilicon Technology Ltd. All Rights Reserved"
drivers/innosrvkm/include/innodpu_dpu.h	975f8d4378b593fadf9f3926f8c5a8b643c2e037f8ee03c038aab033b5b51d5e	dual-mit-gpl	Dual MIT/GPLv2	MIT OR GPL-2.0-only	GPL-COPYING,MIT-COPYING	-	Deepin innogpu-fh2m 20250421190503-debug source payload	imported-unmodified	-	declared-rights-review-pending	"Copyright		Copyright (c) Innosilicon Technology Ltd. All Rights Reserved"
drivers/innosrvkm/include/innodpu_drm_debugfs.h	923be112e90888936d3c33ba9f67cef9454a31eeb32a9b658c827209d88a4638	dual-mit-gpl	Dual MIT/GPLv2	MIT OR GPL-2.0-only	GPL-COPYING,MIT-COPYING	-	Deepin innogpu-fh2m 20250421190503-debug source payload	imported-unmodified	-	declared-rights-review-pending	"Copyright		Copyright (c) Innosilicon Technology Ltd. All Rights Reserved"
drivers/innosrvkm/include/innodpu_drm_drv.h	d1f897ec37c6b69b8da0dc8e1ee5352adb39471c813af4189a3e8825411936f8	dual-mit-gpl	Dual MIT/GPLv2	MIT OR GPL-2.0-only	GPL-COPYING,MIT-COPYING	-	Deepin innogpu-fh2m 20250421190503-debug source payload	imported-unmodified	-	declared-rights-review-pending	"Copyright		Copyright (c) Innosilicon Technology Ltd. All Rights Reserved"
drivers/innosrvkm/include/innodpu_drm_fb.h	32f8c43c597072e9c3fbe76a40ed6615ffa23b65b4e482482723320c974422fc	dual-mit-gpl	Dual MIT/GPLv2	MIT OR GPL-2.0-only	GPL-COPYING,MIT-COPYING	-	Deepin innogpu-fh2m 20250421190503-debug source payload	imported-unmodified	-	declared-rights-review-pending	"Copyright		Copyright (c) Innosilicon Technology Ltd. All Rights Reserved"
drivers/innosrvkm/include/innodpu_drm_gem.h	e421390c890be0241dcf13d201c5686e826c6fab2482e774718c448adec174a0	dual-mit-gpl	Dual MIT/GPLv2	MIT OR GPL-2.0-only	GPL-COPYING,MIT-COPYING	-	Deepin innogpu-fh2m 20250421190503-debug source payload	project-modified	patch-023	declared-rights-review-pending	"Copyright		Copyright (c) Innosilicon Technology Ltd. All Rights Reserved"
drivers/innosrvkm/include/innodpu_drm_modeset.h	bc397546c5f4adb9d0ba951a0b48cfa979e4a36e62f9327ec6d11f5c38ba1171	dual-mit-gpl	Dual MIT/GPLv2	MIT OR GPL-2.0-only	GPL-COPYING,MIT-COPYING	-	Deepin innogpu-fh2m 20250421190503-debug source payload	imported-unmodified	-	declared-rights-review-pending	"Copyright		Copyright (c) Innosilicon Technology Ltd. All Rights Reserved"
drivers/innosrvkm/include/innodpu_drm_pm.h	bd435c95b089d70778ebd6db923023135a02176280b188ed115d3b8a12239a05	dual-mit-gpl	Dual MIT/GPLv2	MIT OR GPL-2.0-only	GPL-COPYING,MIT-COPYING	-	Deepin innogpu-fh2m 20250421190503-debug source payload	imported-unmodified	-	declared-rights-review-pending	"Copyright		Copyright (c) Innosilicon Technology Ltd. All Rights Reserved"
drivers/innosrvkm/include/innodpu_hdmi.h	2365487d4f01a9cf6452844ac4c1d02d9336374a30929e5f21e70730463d35d0	dual-mit-gpl	Dual MIT/GPLv2	MIT OR GPL-2.0-only	GPL-COPYING,MIT-COPYING	-	Deepin innogpu-fh2m 20250421190503-debug source payload	imported-unmodified	-	declared-rights-review-pending	"Copyright		Copyright (c) Innosilicon Technology Ltd. All Rights Reserved"
drivers/innosrvkm/include/innodpu_hdmi_audio_api.h	20ecd8444aa1926a181054707b40791626b6f7ba88b7f9de39994aca873f55b6	dual-mit-gpl	Dual MIT/GPLv2	MIT OR GPL-2.0-only	GPL-COPYING,MIT-COPYING	-	Deepin innogpu-fh2m 20250421190503-debug source payload	imported-unmodified	-	declared-rights-review-pending	"Copyright		Copyright (c) Innosilicon Technology Ltd. All Rights Reserved"
drivers/innosrvkm/include/innodpu_hdmi_common.h	7b819d42ec649d34723e6964e19719082f10eea71f5759dbf50c484b35d69e55	dual-mit-gpl	Dual MIT/GPLv2	MIT OR GPL-2.0-only	GPL-COPYING,MIT-COPYING	-	Deepin innogpu-fh2m 20250421190503-debug source payload	imported-unmodified	-	declared-rights-review-pending	"Copyright		Copyright (c) Innosilicon Technology Ltd. All Rights Reserved"
drivers/innosrvkm/include/innodpu_hdmi_debugfs.h	f4d614806a4d8c73f57fd55cf8dee85e90df6954d0782ff1ec8a0f85dc5ca4fb	dual-mit-gpl	Dual MIT/GPLv2	MIT OR GPL-2.0-only	GPL-COPYING,MIT-COPYING	-	Deepin innogpu-fh2m 20250421190503-debug source payload	imported-unmodified	-	declared-rights-review-pending	"Copyright		Copyright (c) Innosilicon Technology Ltd. All Rights Reserved"
drivers/innosrvkm/include/innodpu_module_param.h	d63b3c819ba7936b5c7dd69ebae9eee8c33404f735dd2d3f4a73a0a1de885fd0	dual-mit-gpl	Dual MIT/GPLv2	MIT OR GPL-2.0-only	GPL-COPYING,MIT-COPYING	-	Deepin innogpu-fh2m 20250421190503-debug source payload	imported-unmodified	-	declared-rights-review-pending	"Copyright		Copyright (c) Innosilicon Technology Ltd. All Rights Reserved"
drivers/innosrvkm/include/innodpu_panel_backlight.h	2136570b30cd830009949a2edce060a5ba31480d3104b3019d5e42ce498ee7f0	unclassified	no mechanically recognized declaration	NOASSERTION	-	-	Deepin innogpu-fh2m 20250421190503-debug source payload	imported-unmodified	-	blocked-unclassified	-
drivers/innosrvkm/include/innodpu_panel_pwr.h	9c69ef469f74ecf40530828798f6036a138fcd851fefe17ff79a56fde2a6b538	unclassified	no mechanically recognized declaration	NOASSERTION	-	-	Deepin innogpu-fh2m 20250421190503-debug source payload	imported-unmodified	-	blocked-unclassified	-
drivers/innosrvkm/include/innodpu_parse_edid.h	9d4332dac44244d1c8d7f170e9e07e92885f1db43bfcf205df7aa86dfab595e0	unclassified	no mechanically recognized declaration	NOASSERTION	-	-	Deepin innogpu-fh2m 20250421190503-debug source payload	imported-unmodified	-	blocked-unclassified	-
drivers/innosrvkm/include/innodpu_pmbus_fpga.h	dfa136b6f1415494e785f26d988a928d6e186021bb2b2eff779944ff79b566b9	dual-mit-gpl	Dual MIT/GPLv2	MIT OR GPL-2.0-only	GPL-COPYING,MIT-COPYING	-	Deepin innogpu-fh2m 20250421190503-debug source payload	imported-unmodified	-	declared-rights-review-pending	"Copyright		Copyright (c) Innosilicon Technology Ltd. All Rights Reserved"
drivers/innosrvkm/include/innodpu_vga.h	05e17358484a3e79623ba8479f0d985455ac75a85a3ddc6fa972fa59190a36af	dual-mit-gpl	Dual MIT/GPLv2	MIT OR GPL-2.0-only	GPL-COPYING,MIT-COPYING	-	Deepin innogpu-fh2m 20250421190503-debug source payload	imported-unmodified	-	declared-rights-review-pending	"Copyright		Copyright (c) Innosilicon Technology Ltd. All Rights Reserved"
drivers/innosrvkm/include/innodpu_vga_common.h	25e72c5f64fa876b44f4e1033ac7ddcddcf0503d05f6176717201834773946b7	unclassified	no mechanically recognized declaration	NOASSERTION	-	-	Deepin innogpu-fh2m 20250421190503-debug source payload	imported-unmodified	-	blocked-unclassified	-
drivers/innosrvkm/include/innodpu_vga_debugfs.h	3254ddab2014ef1273848f3fdb5b7a318dc4e24f2b8bfa2a1a31fdda602e2dbd	unclassified	no mechanically recognized declaration	NOASSERTION	-	-	Deepin innogpu-fh2m 20250421190503-debug source payload	imported-unmodified	-	blocked-unclassified	-
drivers/innosrvkm/include/innodpu_vkms.h	db90ab5909182f770f7b6ff16e4884e221111d1cac7edf29755dbff5ed4187fa	dual-mit-gpl	Dual MIT/GPLv2	MIT OR GPL-2.0-only	GPL-COPYING,MIT-COPYING	-	Deepin innogpu-fh2m 20250421190503-debug source payload	imported-unmodified	-	declared-rights-review-pending	"Copyright		Copyright (c) Innosilicon Technology Ltd. All Rights Reserved"
drivers/innosrvkm/include/innogpu_defs.h	43340daf24658aad389fe46e99f6108ccb08a51b1d34fe71e87a4b5621c55cf7	dual-mit-gpl	Dual MIT/GPLv2	MIT OR GPL-2.0-only	GPL-COPYING,MIT-COPYING	-	Deepin innogpu-fh2m 20250421190503-debug source payload	imported-unmodified	-	declared-rights-review-pending	Copyright      Copyright (c) Innosilicon Technology Ltd. All Rights Reserved
drivers/innosrvkm/include/innogpu_drm.h	6a55905b2a90f615953b03ef0c227ceed2c7e6f314cdd9520749748fdcbb5f62	dual-mit-gpl	Dual MIT/GPLv2	MIT OR GPL-2.0-only	GPL-COPYING,MIT-COPYING	-	Deepin innogpu-fh2m 20250421190503-debug source payload	imported-unmodified	-	declared-rights-review-pending	"Copyright		Copyright (c) Innosilicon Technology Ltd. All Rights Reserved"
drivers/innosrvkm/include/innogpu_drm_init.h	5551add2f3bcbcf173863a888613904adacb46535bd4c6ff93798b42f2b7b7c3	dual-mit-gpl	Dual MIT/GPLv2	MIT OR GPL-2.0-only	GPL-COPYING,MIT-COPYING	-	Deepin innogpu-fh2m 20250421190503-debug source payload	imported-unmodified	-	declared-rights-review-pending	"Copyright		Copyright (c) Innosilicon Technology Ltd. All Rights Reserved"
drivers/innosrvkm/include/innoversion.h	bf6f4b213347ff62687a34cf36d09d9a24061180ab680df1ce3040a047e1af38	unclassified	no mechanically recognized declaration	NOASSERTION	-	-	Deepin innogpu-fh2m 20250421190503-debug source payload	imported-unmodified	-	blocked-unclassified	-
drivers/innosrvkm/include/interrupt_support.h	67d09f14429cfadcc1596dee398218ca3260916a2bd87b5870ec7fa5bf6b4b0e	dual-mit-gpl	Dual MIT/GPLv2	MIT OR GPL-2.0-only	GPL-COPYING,MIT-COPYING	-	Deepin innogpu-fh2m 20250421190503-debug source payload	imported-unmodified	-	declared-rights-review-pending	Copyright      Copyright (c) Imagination Technologies Ltd. All Rights Reserved
drivers/innosrvkm/include/kernel_compatibility.h	9596b8189d7481f949136ecc2afa1ed42bea6bfc027351b42b6590238d85796e	dual-mit-gpl	Dual MIT/GPLv2	MIT OR GPL-2.0-only	GPL-COPYING,MIT-COPYING	-	Deepin innogpu-fh2m 20250421190503-debug source payload	imported-unmodified	-	declared-rights-review-pending	Copyright      Copyright (c) Imagination Technologies Ltd. All Rights Reserved
drivers/innosrvkm/include/kernel_nospec.h	ba71ae5a63bd04293c6a778c18919563173a0799cea454f822a7e8010049588a	dual-mit-gpl	Dual MIT/GPLv2	MIT OR GPL-2.0-only	GPL-COPYING,MIT-COPYING	-	Deepin innogpu-fh2m 20250421190503-debug source payload	imported-unmodified	-	declared-rights-review-pending	Copyright      Copyright (c) Imagination Technologies Ltd. All Rights Reserved
drivers/innosrvkm/include/kernel_types.h	8abcae7672edf2db56429bbde6915cda0a8c77f4b565ba90bd21347a8df4902a	dual-mit-gpl	Dual MIT/GPLv2	MIT OR GPL-2.0-only	GPL-COPYING,MIT-COPYING	-	Deepin innogpu-fh2m 20250421190503-debug source payload	imported-unmodified	-	declared-rights-review-pending	Copyright      Copyright (c) Imagination Technologies Ltd. All Rights Reserved
drivers/innosrvkm/include/km/rgxdefs_km.h	e37652e617c888f44d4e70d3374cff625d062855f02897a5391d8ae98e8738a1	dual-mit-gpl	Dual MIT/GPLv2	MIT OR GPL-2.0-only	GPL-COPYING,MIT-COPYING	-	Deepin innogpu-fh2m 20250421190503-debug source payload	imported-unmodified	-	declared-rights-review-pending	Copyright      Copyright (c) Imagination Technologies Ltd. All Rights Reserved
drivers/innosrvkm/include/km_apphint.h	6b5ddd0619780c2c37533255cc1f58c6aa40e499af8bae6911ec7ac625980808	dual-mit-gpl	Dual MIT/GPLv2	MIT OR GPL-2.0-only	GPL-COPYING,MIT-COPYING	-	Deepin innogpu-fh2m 20250421190503-debug source payload	imported-unmodified	-	declared-rights-review-pending	Copyright      Copyright (c) Imagination Technologies Ltd. All Rights Reserved
drivers/innosrvkm/include/km_apphint_defs.h	6dbc4230e8f2f1f21ac90a8716b03b526db2dd9fcd0f6faf0bc8d8406519be30	dual-mit-gpl	Dual MIT/GPLv2	MIT OR GPL-2.0-only	GPL-COPYING,MIT-COPYING	-	Deepin innogpu-fh2m 20250421190503-debug source payload	imported-unmodified	-	declared-rights-review-pending	Copyright      Copyright (c) Imagination Technologies Ltd. All Rights Reserved
drivers/innosrvkm/include/km_apphint_defs_common.h	3732c0b641d55e82256d2e694a5934160aeabcca2e102b0a037ec3ed030a1891	dual-mit-gpl	Dual MIT/GPLv2	MIT OR GPL-2.0-only	GPL-COPYING,MIT-COPYING	-	Deepin innogpu-fh2m 20250421190503-debug source payload	imported-unmodified	-	declared-rights-review-pending	Copyright      Copyright (c) Imagination Technologies Ltd. All Rights Reserved
drivers/innosrvkm/include/linkage.h	638118fe02b2fcfe055be3518f45b75993779995e22d4d6830d61c0083c73d12	dual-mit-gpl	Dual MIT/GPLv2	MIT OR GPL-2.0-only	GPL-COPYING,MIT-COPYING	-	Deepin innogpu-fh2m 20250421190503-debug source payload	imported-unmodified	-	declared-rights-review-pending	Copyright      Copyright (c) Imagination Technologies Ltd. All Rights Reserved
drivers/innosrvkm/include/linux_sw_sync.h	cd775bfcd1f99fac86729f89eb094a708f2dd6e7ed1ab275c4ef7ea9205903a3	dual-mit-gpl	Dual MIT/GPLv2	MIT OR GPL-2.0-only	GPL-COPYING,MIT-COPYING	-	Deepin innogpu-fh2m 20250421190503-debug source payload	imported-unmodified	-	declared-rights-review-pending	Copyright      Copyright (c) Imagination Technologies Ltd. All Rights Reserved
drivers/innosrvkm/include/lock.h	8b6b0d23ce83132c0949e6d95652d1eccb58dadbc91cc63ed918ff8c0f2eb5ee	dual-mit-gpl	Dual MIT/GPLv2	MIT OR GPL-2.0-only	GPL-COPYING,MIT-COPYING	-	Deepin innogpu-fh2m 20250421190503-debug source payload	imported-unmodified	-	declared-rights-review-pending	Copyright      Copyright (c) Imagination Technologies Ltd. All Rights Reserved
drivers/innosrvkm/include/lock_types.h	2001913eb0e8941f7933caf58d5dc1fe842926c75fbf434ab7ed6d3b257bfe5e	dual-mit-gpl	Dual MIT/GPLv2	MIT OR GPL-2.0-only	GPL-COPYING,MIT-COPYING	-	Deepin innogpu-fh2m 20250421190503-debug source payload	imported-unmodified	-	declared-rights-review-pending	Copyright      Copyright (c) Imagination Technologies Ltd. All Rights Reserved
drivers/innosrvkm/include/log2.h	4df07d7c2f17b87a5652473a856c1520320cd6ec90891cb266605a95cbc0bcc0	dual-mit-gpl	Dual MIT/GPLv2	MIT OR GPL-2.0-only	GPL-COPYING,MIT-COPYING	-	Deepin innogpu-fh2m 20250421190503-debug source payload	imported-unmodified	-	declared-rights-review-pending	Copyright      Copyright (c) Imagination Technologies Ltd. All Rights Reserved
drivers/innosrvkm/include/mmu_common.h	fe0b27eee409d529d9d82806f38cf703e55d90f37a9070a1ea986c002857b758	dual-mit-gpl	Dual MIT/GPLv2	MIT OR GPL-2.0-only	GPL-COPYING,MIT-COPYING	-	Deepin innogpu-fh2m 20250421190503-debug source payload	imported-unmodified	-	declared-rights-review-pending	Copyright      Copyright (c) Imagination Technologies Ltd. All Rights Reserved | Copyright (c) Innosilicon Technology Ltd. All Rights Reserved
drivers/innosrvkm/include/module_common.h	03ab1fa9d5dfd27a91005a038ff82846593ecb2eb664551d7c9014b2fc6e4cd5	dual-mit-gpl	Dual MIT/GPLv2	MIT OR GPL-2.0-only	GPL-COPYING,MIT-COPYING	-	Deepin innogpu-fh2m 20250421190503-debug source payload	imported-unmodified	-	declared-rights-review-pending	Copyright      Copyright (c) Imagination Technologies Ltd. All Rights Reserved
drivers/innosrvkm/include/netlink.h	bef190e9a47c339cc7897eebe9148fdf46db7825bb82079cdfd5bb236d17c6e0	dual-mit-gpl	Dual MIT/GPLv2	MIT OR GPL-2.0-only	GPL-COPYING,MIT-COPYING	-	Deepin innogpu-fh2m 20250421190503-debug source payload	imported-unmodified	-	declared-rights-review-pending	Copyright   Copyright (c) Imagination Technologies Ltd. All Rights Reserved
drivers/innosrvkm/include/opaque_types.h	21e0101d49be82c6e309188dc763cac48d0ccb90292bf8010c0576c861e5f283	dual-mit-gpl	Dual MIT/GPLv2	MIT OR GPL-2.0-only	GPL-COPYING,MIT-COPYING	-	Deepin innogpu-fh2m 20250421190503-debug source payload	imported-unmodified	-	declared-rights-review-pending	Copyright      Copyright (c) Imagination Technologies Ltd. All Rights Reserved
drivers/innosrvkm/include/os_cpu_cache.h	354d4e472c8242f5023ab3b3b0ec0abbee1f94f62655ce52e59984fcc61b827b	dual-mit-gpl	Dual MIT/GPLv2	MIT OR GPL-2.0-only	GPL-COPYING,MIT-COPYING	-	Deepin innogpu-fh2m 20250421190503-debug source payload	imported-unmodified	-	declared-rights-review-pending	Copyright      Copyright (c) Imagination Technologies Ltd. All Rights Reserved
drivers/innosrvkm/include/osconnection_server.h	bca2b95c75da554c1be8c485cb4b730669a0224353d5557ee1aeb91c662f77d9	dual-mit-gpl	Dual MIT/GPLv2	MIT OR GPL-2.0-only	GPL-COPYING,MIT-COPYING	-	Deepin innogpu-fh2m 20250421190503-debug source payload	imported-unmodified	-	declared-rights-review-pending	Copyright      Copyright (c) Imagination Technologies Ltd. All Rights Reserved
drivers/innosrvkm/include/osdi_impl.h	3cebeb8009250cda28ccf221908bd05f0a96808e72088317008d776c009c767d	dual-mit-gpl	Dual MIT/GPLv2	MIT OR GPL-2.0-only	GPL-COPYING,MIT-COPYING	-	Deepin innogpu-fh2m 20250421190503-debug source payload	imported-unmodified	-	declared-rights-review-pending	Copyright      Copyright (c) Imagination Technologies Ltd. All Rights Reserved
drivers/innosrvkm/include/osfunc.h	736c061fbd67b4007baa05929166d2e3322870dec31ee22331d172cce9e8be5b	dual-mit-gpl	Dual MIT/GPLv2	MIT OR GPL-2.0-only	GPL-COPYING,MIT-COPYING	-	Deepin innogpu-fh2m 20250421190503-debug source payload	imported-unmodified	-	declared-rights-review-pending	Copyright      Copyright (c) Imagination Technologies Ltd. All Rights Reserved | Copyright (c) Innosilicon Technology Ltd. All Rights Reserved
drivers/innosrvkm/include/osfunc_common.h	67a77e24fd0fbeaeb6472b045e8b6e4532910ec45022cc3afa2dbf82a875471d	dual-mit-gpl	Dual MIT/GPLv2	MIT OR GPL-2.0-only	GPL-COPYING,MIT-COPYING	-	Deepin innogpu-fh2m 20250421190503-debug source payload	imported-unmodified	-	declared-rights-review-pending	Copyright      Copyright (c) Imagination Technologies Ltd. All Rights Reserved | Copyright (c) Innosilicon Technology Ltd. All Rights Reserved
drivers/innosrvkm/include/osmmap.h	cd3e21699a89f2ed6133df7a58b606c14e553dfe28108fe02abe6a1430c47291	dual-mit-gpl	Dual MIT/GPLv2	MIT OR GPL-2.0-only	GPL-COPYING,MIT-COPYING	-	Deepin innogpu-fh2m 20250421190503-debug source payload	imported-unmodified	-	declared-rights-review-pending	Copyright      Copyright (c) Imagination Technologies Ltd. All Rights Reserved
drivers/innosrvkm/include/ospvr_gputrace.h	6b19cd2b7be447381d464cbdbe1f71813cde34e02b60ed18bb01fba04c51219a	dual-mit-gpl	Dual MIT/GPLv2	MIT OR GPL-2.0-only	GPL-COPYING,MIT-COPYING	-	Deepin innogpu-fh2m 20250421190503-debug source payload	imported-unmodified	-	declared-rights-review-pending	Copyright      Copyright (c) Imagination Technologies Ltd. All Rights Reserved
drivers/innosrvkm/include/pci_support.h	7deb1cfb5546447ba34080ce8d135757b13a47643b5900d5f4facac0ad664ee8	dual-mit-gpl	Dual MIT/GPLv2	MIT OR GPL-2.0-only	GPL-COPYING,MIT-COPYING	-	Deepin innogpu-fh2m 20250421190503-debug source payload	imported-unmodified	-	declared-rights-review-pending	Copyright      Copyright (c) Imagination Technologies Ltd. All Rights Reserved
drivers/innosrvkm/include/pdp0_common.h	da32a5307340c2c67f2758ef73a474ede0a5fb5e588ca207f58a6155fa962a08	unclassified	no mechanically recognized declaration	NOASSERTION	-	-	Deepin innogpu-fh2m 20250421190503-debug source payload	imported-unmodified	-	blocked-unclassified	-
drivers/innosrvkm/include/pdp0_crtc.h	b6d5714d5da6f91f31edee7dde9ba5caad568018e51c8d87b53d0b1e27efa0ef	dual-mit-gpl	Dual MIT/GPLv2	MIT OR GPL-2.0-only	GPL-COPYING,MIT-COPYING	-	Deepin innogpu-fh2m 20250421190503-debug source payload	imported-unmodified	-	declared-rights-review-pending	"Copyright		Copyright (c) Innosilicon Technology Ltd. All Rights Reserved"
drivers/innosrvkm/include/pdp0_drv.h	6c8029fac8ff35495a17cb7c6545c69482e994956ae19d642231aed40e7981dd	dual-mit-gpl	Dual MIT/GPLv2	MIT OR GPL-2.0-only	GPL-COPYING,MIT-COPYING	-	Deepin innogpu-fh2m 20250421190503-debug source payload	imported-unmodified	-	declared-rights-review-pending	"Copyright		Copyright (c) Innosilicon Technology Ltd. All Rights Reserved"
drivers/innosrvkm/include/pdp0_hw.h	b2a24f17eb6f2a58e5b43c89628d1c1e2342a042c680ddd3ccc2b58dcd2b3117	dual-mit-gpl	Dual MIT/GPLv2	MIT OR GPL-2.0-only	GPL-COPYING,MIT-COPYING	-	Deepin innogpu-fh2m 20250421190503-debug source payload	imported-unmodified	-	declared-rights-review-pending	"Copyright		Copyright (c) Innosilicon Technology Ltd. All Rights Reserved"
drivers/innosrvkm/include/pdp0_plane.h	91b54a894ae906725c30bd5b45c09c3d8a79aafa0676854604b2b47a70f66022	dual-mit-gpl	Dual MIT/GPLv2	MIT OR GPL-2.0-only	GPL-COPYING,MIT-COPYING	-	Deepin innogpu-fh2m 20250421190503-debug source payload	imported-unmodified	-	declared-rights-review-pending	"Copyright		Copyright (c) Innosilicon Technology Ltd. All Rights Reserved"
drivers/innosrvkm/include/pdp_drm.h	3f0202ff41f02651c0b8747c13e74e168c9eef22ed47621212d3baca08b5145e	strict-confidential	Strictly Confidential	LicenseRef-Strictly-Confidential	-	-	Deepin innogpu-fh2m 20250421190503-debug source payload	imported-unmodified	-	blocked-confidential-rights	Copyright   Copyright (c) Imagination Technologies Ltd. All Rights Reserved
drivers/innosrvkm/include/pdump.h	1c99fe38dfb8a569157590b8b815e4a4c20859675261ebb79e1ec11a689da5a7	dual-mit-gpl	Dual MIT/GPLv2	MIT OR GPL-2.0-only	GPL-COPYING,MIT-COPYING	-	Deepin innogpu-fh2m 20250421190503-debug source payload	imported-unmodified	-	declared-rights-review-pending	Copyright      Copyright (c) Imagination Technologies Ltd. All Rights Reserved
drivers/innosrvkm/include/pdump_km.h	4bea330e424744c6c5746a0c81c91c8ec9d0b0c5ba505bc8e3fd0af8f2f09146	dual-mit-gpl	Dual MIT/GPLv2	MIT OR GPL-2.0-only	GPL-COPYING,MIT-COPYING	-	Deepin innogpu-fh2m 20250421190503-debug source payload	imported-unmodified	-	declared-rights-review-pending	Copyright      Copyright (c) Imagination Technologies Ltd. All Rights Reserved
drivers/innosrvkm/include/pdump_mmu.h	10ec623d18d27c432784005d3ec0bbf398e644c6f9da98790087d8579ae0ebe8	dual-mit-gpl	Dual MIT/GPLv2	MIT OR GPL-2.0-only	GPL-COPYING,MIT-COPYING	-	Deepin innogpu-fh2m 20250421190503-debug source payload	imported-unmodified	-	declared-rights-review-pending	Copyright      Copyright (c) Imagination Technologies Ltd. All Rights Reserved
drivers/innosrvkm/include/pdump_symbolicaddr.h	259895aff21bcc0c4a762ca63e57a203f856df646bf3a5f4787393067ce0e101	dual-mit-gpl	Dual MIT/GPLv2	MIT OR GPL-2.0-only	GPL-COPYING,MIT-COPYING	-	Deepin innogpu-fh2m 20250421190503-debug source payload	imported-unmodified	-	declared-rights-review-pending	Copyright      Copyright (c) Imagination Technologies Ltd. All Rights Reserved
drivers/innosrvkm/include/pdumpdefs.h	744b0589bc0af2d0c283d2adf63912ed38fbefbf8b7473431d04df8ebdfd23f4	dual-mit-gpl	Dual MIT/GPLv2	MIT OR GPL-2.0-only	GPL-COPYING,MIT-COPYING	-	Deepin innogpu-fh2m 20250421190503-debug source payload	imported-unmodified	-	declared-rights-review-pending	Copyright      Copyright (c) Imagination Technologies Ltd. All Rights Reserved
drivers/innosrvkm/include/physheap.h	08a432905aa17bb6cbcf25fe2dcb696a4a4343a6d322a62f627ea92d48cdc0e4	dual-mit-gpl	Dual MIT/GPLv2	MIT OR GPL-2.0-only	GPL-COPYING,MIT-COPYING	-	Deepin innogpu-fh2m 20250421190503-debug source payload	imported-unmodified	-	declared-rights-review-pending	Copyright      Copyright (c) Imagination Technologies Ltd. All Rights Reserved | Copyright (c) Innosilicon Technology Ltd. All Rights Reserved
drivers/innosrvkm/include/physheap_config.h	016c9623d7201fdc9985aba38bb6523a59480b6a6bb4c70f021103837151e7f7	dual-mit-gpl	Dual MIT/GPLv2	MIT OR GPL-2.0-only	GPL-COPYING,MIT-COPYING	-	Deepin innogpu-fh2m 20250421190503-debug source payload	imported-unmodified	-	declared-rights-review-pending	Copyright      Copyright (c) Imagination Technologies Ltd. All Rights Reserved | Copyright (c) Innosilicon Technology Ltd. All Rights Reserved
drivers/innosrvkm/include/physmem.h	6b638ee87bcbc6937ad7853e012a801f5a00e3b9a0cfd56cd10746f2008b981a	dual-mit-gpl	Dual MIT/GPLv2	MIT OR GPL-2.0-only	GPL-COPYING,MIT-COPYING	-	Deepin innogpu-fh2m 20250421190503-debug source payload	imported-unmodified	-	declared-rights-review-pending	Copyright      Copyright (c) Imagination Technologies Ltd. All Rights Reserved
drivers/innosrvkm/include/physmem_dmabuf.h	58e97dc0acab535414443bcc63e1807550e844f3cfe0e7b40e1ff61f6b0a3f1f	dual-mit-gpl	Dual MIT/GPLv2	MIT OR GPL-2.0-only	GPL-COPYING,MIT-COPYING	-	Deepin innogpu-fh2m 20250421190503-debug source payload	imported-unmodified	-	declared-rights-review-pending	Copyright      Copyright (c) Imagination Technologies Ltd. All Rights Reserved
drivers/innosrvkm/include/physmem_dmabuf_internal.h	12a82046157fc6d6e95ac0412ce680613ba8633112c86ccb69c594754cb5b9fb	dual-mit-gpl	Dual MIT/GPLv2	MIT OR GPL-2.0-only	GPL-COPYING,MIT-COPYING	-	Deepin innogpu-fh2m 20250421190503-debug source payload	imported-unmodified	-	declared-rights-review-pending	Copyright      Copyright (c) Imagination Technologies Ltd. All Rights Reserved
drivers/innosrvkm/include/physmem_lma.h	cd3a3d8725affac6e73f21e361e23f760988afc3d38f92e116285552629ccb7f	dual-mit-gpl	Dual MIT/GPLv2	MIT OR GPL-2.0-only	GPL-COPYING,MIT-COPYING	-	Deepin innogpu-fh2m 20250421190503-debug source payload	imported-unmodified	-	declared-rights-review-pending	Copyright      Copyright (c) Imagination Technologies Ltd. All Rights Reserved | Copyright (c) Innosilicon Technology Ltd. All Rights Reserved
drivers/innosrvkm/include/physmem_osmem.h	a3abb0bb7d253e10a1154241146072963a960794601a52ed3fdb1b91d2253968	dual-mit-gpl	Dual MIT/GPLv2	MIT OR GPL-2.0-only	GPL-COPYING,MIT-COPYING	-	Deepin innogpu-fh2m 20250421190503-debug source payload	imported-unmodified	-	declared-rights-review-pending	Copyright      Copyright (c) Imagination Technologies Ltd. All Rights Reserved
drivers/innosrvkm/include/pmr.h	89eeb30da5b110c99991f53613f00981edaa350cecf76f96accc25debe35e882	dual-mit-gpl	Dual MIT/GPLv2	MIT OR GPL-2.0-only	GPL-COPYING,MIT-COPYING	-	Deepin innogpu-fh2m 20250421190503-debug source payload	imported-unmodified	-	declared-rights-review-pending	Copyright      Copyright (c) Imagination Technologies Ltd. All Rights Reserved | Copyright (c) Innosilicon Technology Ltd. All Rights Reserved
drivers/innosrvkm/include/pmr_impl.h	780f991d4050049bd63d1dd14bbef30258633da2fc19c1d5a1b97a16e8bd3d3f	dual-mit-gpl	Dual MIT/GPLv2	MIT OR GPL-2.0-only	GPL-COPYING,MIT-COPYING	-	Deepin innogpu-fh2m 20250421190503-debug source payload	imported-unmodified	-	declared-rights-review-pending	Copyright      Copyright (c) Imagination Technologies Ltd. All Rights Reserved | Copyright (c) Innosilicon Technology Ltd. All Rights Reserved
drivers/innosrvkm/include/pmr_os.h	1c0f7efd1b1b78ab1ca46f18b77d1036ef96fe1c743e292f2f690e36c7b9b6d1	dual-mit-gpl	Dual MIT/GPLv2	MIT OR GPL-2.0-only	GPL-COPYING,MIT-COPYING	-	Deepin innogpu-fh2m 20250421190503-debug source payload	imported-unmodified	-	declared-rights-review-pending	Copyright      Copyright (c) Imagination Technologies Ltd. All Rights Reserved
drivers/innosrvkm/include/power.h	1f47d1cc23a7848c78fc704df11702977df19a33a51ef36e6d9bf5d764c72541	dual-mit-gpl	Dual MIT/GPLv2	MIT OR GPL-2.0-only	GPL-COPYING,MIT-COPYING	-	Deepin innogpu-fh2m 20250421190503-debug source payload	imported-unmodified	-	declared-rights-review-pending	Copyright      Copyright (c) Imagination Technologies Ltd. All Rights Reserved
drivers/innosrvkm/include/powervr/buffer_attribs.h	50552b845a04ade13446ebd958c9a7abf4ef89067a5960b53ece89adac03d7d7	unclassified	no mechanically recognized declaration	NOASSERTION	-	-	Deepin innogpu-fh2m 20250421190503-debug source payload	imported-unmodified	-	blocked-unclassified	Copyright      Copyright (c) Imagination Technologies Ltd. All Rights Reserved
drivers/innosrvkm/include/powervr/img_drm_fourcc.h	664187f8bcec00d39111392746477adce95d49dcc0023643a2962f4d047edf39	unclassified	no mechanically recognized declaration	NOASSERTION	-	-	Deepin innogpu-fh2m 20250421190503-debug source payload	imported-unmodified	-	blocked-unclassified	Copyright      Copyright (c) Imagination Technologies Ltd. All Rights Reserved
drivers/innosrvkm/include/powervr/mem_types.h	a11af6bed886b3adf9dbe23c486d6dbb8844475afd5911cb4eb80a5230be60c7	unclassified	no mechanically recognized declaration	NOASSERTION	-	-	Deepin innogpu-fh2m 20250421190503-debug source payload	imported-unmodified	-	blocked-unclassified	Copyright      Copyright (c) Imagination Technologies Ltd. All Rights Reserved
drivers/innosrvkm/include/powervr/pvrsrv_sync_ext.h	27fadeb281dad10bea519c07b3db91d211368a42ba2dca5320a5bd74b888b4b9	unclassified	no mechanically recognized declaration	NOASSERTION	-	-	Deepin innogpu-fh2m 20250421190503-debug source payload	imported-unmodified	-	blocked-unclassified	Copyright      Copyright (c) Imagination Technologies Ltd. All Rights Reserved
drivers/innosrvkm/include/private_data.h	78aa6e6f5667cb9c72e72b68a07fc152023d3fc65c00f2885686efcb62420810	dual-mit-gpl	Dual MIT/GPLv2	MIT OR GPL-2.0-only	GPL-COPYING,MIT-COPYING	-	Deepin innogpu-fh2m 20250421190503-debug source payload	imported-unmodified	-	declared-rights-review-pending	Copyright      Copyright (c) Imagination Technologies Ltd. All Rights Reserved
drivers/innosrvkm/include/proc_stats.h	72fa66559db2d4dab29a043382a1aeb7f2d00ccf2001dfcf5cdbd5d8fda2eecc	dual-mit-gpl	Dual MIT/GPLv2	MIT OR GPL-2.0-only	GPL-COPYING,MIT-COPYING	-	Deepin innogpu-fh2m 20250421190503-debug source payload	imported-unmodified	-	declared-rights-review-pending	Copyright      Copyright (c) Imagination Technologies Ltd. All Rights Reserved
drivers/innosrvkm/include/process_stats.h	3f70276123053cacbcebd63718e84c9d9ae8b3b824fc28bfa89dc9f420e7fdd8	dual-mit-gpl	Dual MIT/GPLv2	MIT OR GPL-2.0-only	GPL-COPYING,MIT-COPYING	-	Deepin innogpu-fh2m 20250421190503-debug source payload	imported-unmodified	-	declared-rights-review-pending	Copyright      Copyright (c) Imagination Technologies Ltd. All Rights Reserved
drivers/innosrvkm/include/pvr_bridge.h	913e7923e142bf41b474767ccca466aeaebd8635f75b1c1e24cffad534b9e76c	dual-mit-gpl	Dual MIT/GPLv2	MIT OR GPL-2.0-only	GPL-COPYING,MIT-COPYING	-	Deepin innogpu-fh2m 20250421190503-debug source payload	imported-unmodified	-	declared-rights-review-pending	Copyright      Copyright (c) Imagination Technologies Ltd. All Rights Reserved
drivers/innosrvkm/include/pvr_bridge_k.h	fb71c81191470045670b3bf7ec4142afbf661e6cb01683b118b85cf9c43fe26a	dual-mit-gpl	Dual MIT/GPLv2	MIT OR GPL-2.0-only	GPL-COPYING,MIT-COPYING	-	Deepin innogpu-fh2m 20250421190503-debug source payload	imported-unmodified	-	declared-rights-review-pending	Copyright      Copyright (c) Imagination Technologies Ltd. All Rights Reserved
drivers/innosrvkm/include/pvr_buffer_sync.h	eec7caa9810991f35fc8afec2ace93108f3f4e01ea4bf08db58721785951bc64	dual-mit-gpl	Dual MIT/GPLv2	MIT OR GPL-2.0-only	GPL-COPYING,MIT-COPYING	-	Deepin innogpu-fh2m 20250421190503-debug source payload	imported-unmodified	-	declared-rights-review-pending	Copyright   Copyright (c) Imagination Technologies Ltd. All Rights Reserved
drivers/innosrvkm/include/pvr_buffer_sync_shared.h	8a6be3fdf784ca0c8d491e8d766abbb2e502e768b9d268b86983aad7cfea7fbb	dual-mit-gpl	Dual MIT/GPLv2	MIT OR GPL-2.0-only	GPL-COPYING,MIT-COPYING	-	Deepin innogpu-fh2m 20250421190503-debug source payload	imported-unmodified	-	declared-rights-review-pending	Copyright      Copyright (c) Imagination Technologies Ltd. All Rights Reserved
drivers/innosrvkm/include/pvr_counting_timeline.h	a6347318b1d9765213bca344e94e4175da2626dde8a939e839aad91105a6e90f	dual-mit-gpl	Dual MIT/GPLv2	MIT OR GPL-2.0-only	GPL-COPYING,MIT-COPYING	-	Deepin innogpu-fh2m 20250421190503-debug source payload	imported-unmodified	-	declared-rights-review-pending	Copyright   Copyright (c) Imagination Technologies Ltd. All Rights Reserved
drivers/innosrvkm/include/pvr_debug.h	352b363b1c6a6ae2b122b80b30bd525e63b75efe1e081a038af6e673ce459928	dual-mit-gpl	Dual MIT/GPLv2	MIT OR GPL-2.0-only	GPL-COPYING,MIT-COPYING	-	Deepin innogpu-fh2m 20250421190503-debug source payload	imported-unmodified	-	declared-rights-review-pending	Copyright      Copyright (c) Imagination Technologies Ltd. All Rights Reserved | Copyright (c) Innosilicon Technology Ltd. All Rights Reserved
drivers/innosrvkm/include/pvr_debugfs.h	0c75faf07fac1396e502245536bc1cd6ec2bbbe5673cc74444d7f6e7255f8219	dual-mit-gpl	Dual MIT/GPLv2	MIT OR GPL-2.0-only	GPL-COPYING,MIT-COPYING	-	Deepin innogpu-fh2m 20250421190503-debug source payload	imported-unmodified	-	declared-rights-review-pending	Copyright      Copyright (c) Imagination Technologies Ltd. All Rights Reserved
drivers/innosrvkm/include/pvr_dicommon.h	5a20f5ceececd6eedbece3b35f52a87b6a53d9b0f38f26d3f633792f1a530c1e	dual-mit-gpl	Dual MIT/GPLv2	MIT OR GPL-2.0-only	GPL-COPYING,MIT-COPYING	-	Deepin innogpu-fh2m 20250421190503-debug source payload	imported-unmodified	-	declared-rights-review-pending	Copyright      Copyright (c) Imagination Technologies Ltd. All Rights Reserved
drivers/innosrvkm/include/pvr_dma_resv.h	6765f5cf119aeee45adbb0101b73c5f69ff1a4e98929c8487a07739b93b687f1	dual-mit-gpl	Dual MIT/GPLv2	MIT OR GPL-2.0-only	GPL-COPYING,MIT-COPYING	-	Deepin innogpu-fh2m 20250421190503-debug source payload	imported-unmodified	-	declared-rights-review-pending	Copyright      Copyright (c) Imagination Technologies Ltd. All Rights Reserved | Copyright (c) Innosilicon Technology Ltd. All Rights Reserved
drivers/innosrvkm/include/pvr_drm.h	367e53548cd174095bcee7605044327db63058d3594c863a56d3126104dc3c16	dual-mit-gpl	Dual MIT/GPLv2	MIT OR GPL-2.0-only	GPL-COPYING,MIT-COPYING	-	Deepin innogpu-fh2m 20250421190503-debug source payload	imported-unmodified	-	declared-rights-review-pending	Copyright   Copyright (c) Imagination Technologies Ltd. All Rights Reserved
drivers/innosrvkm/include/pvr_drv.h	3fd36ca2de7872eb256ed4aa172548f19ef4313068a2d60c30d56300fb8fb3e7	dual-mit-gpl	Dual MIT/GPLv2	MIT OR GPL-2.0-only	GPL-COPYING,MIT-COPYING	-	Deepin innogpu-fh2m 20250421190503-debug source payload	imported-unmodified	-	declared-rights-review-pending	Copyright   Copyright (c) Imagination Technologies Ltd. All Rights Reserved
drivers/innosrvkm/include/pvr_dvfs.h	24d3d9b760f515835aa3fc82c315570794e21dfda5e464a77a95cdc0d29bb0af	dual-mit-gpl	Dual MIT/GPLv2	MIT OR GPL-2.0-only	GPL-COPYING,MIT-COPYING	-	Deepin innogpu-fh2m 20250421190503-debug source payload	imported-unmodified	-	declared-rights-review-pending	Copyright      Copyright (c) Imagination Technologies Ltd. All Rights Reserved
drivers/innosrvkm/include/pvr_dvfs_device.h	c2f334745d5a10731199d767e1eb9eb3dfc81694c7762c9876abdfe2e0adc3ca	dual-mit-gpl	Dual MIT/GPLv2	MIT OR GPL-2.0-only	GPL-COPYING,MIT-COPYING	-	Deepin innogpu-fh2m 20250421190503-debug source payload	imported-unmodified	-	declared-rights-review-pending	Copyright      Copyright (c) Imagination Technologies Ltd. All Rights Reserved
drivers/innosrvkm/include/pvr_export_fence.h	2ca55fddc90e8306b201d5186950a18954455d616a250827897f77699b6247c5	dual-mit-gpl	Dual MIT/GPLv2	MIT OR GPL-2.0-only	GPL-COPYING,MIT-COPYING	-	Deepin innogpu-fh2m 20250421190503-debug source payload	imported-unmodified	-	declared-rights-review-pending	Copyright   Copyright (c) Imagination Technologies Ltd. All Rights Reserved
drivers/innosrvkm/include/pvr_fd_sync_kernel.h	e55b4caab1906e736015899c0f7f67af863e670951d1bfbbde0944611e6e0248	dual-mit-gpl	Dual MIT/GPLv2	MIT OR GPL-2.0-only	GPL-COPYING,MIT-COPYING	-	Deepin innogpu-fh2m 20250421190503-debug source payload	imported-unmodified	-	declared-rights-review-pending	Copyright      Copyright (c) Imagination Technologies Ltd. All Rights Reserved
drivers/innosrvkm/include/pvr_fence.h	0381691cc5b5829fea5fa69355595cb80731c2fb130badfaff4ed1a8dca81d24	dual-mit-gpl	Dual MIT/GPLv2	MIT OR GPL-2.0-only	GPL-COPYING,MIT-COPYING	-	Deepin innogpu-fh2m 20250421190503-debug source payload	imported-unmodified	-	declared-rights-review-pending	Copyright   Copyright (c) Imagination Technologies Ltd. All Rights Reserved
drivers/innosrvkm/include/pvr_fence_trace.h	cda1bfe8150ce0b63a0353a43d20f1ca331554675121505574664c37c4d7089a	dual-mit-gpl	Dual MIT/GPLv2	MIT OR GPL-2.0-only	GPL-COPYING,MIT-COPYING	-	Deepin innogpu-fh2m 20250421190503-debug source payload	project-modified	patch-001	declared-rights-review-pending	Copyright   Copyright (c) Imagination Technologies Ltd. All Rights Reserved
drivers/innosrvkm/include/pvr_linux_fence.h	917003cb6da5f66c69149ee5350ee040ab2fffea245c7216044ecf62f3a8e4cd	dual-mit-gpl	Dual MIT/GPLv2	MIT OR GPL-2.0-only	GPL-COPYING,MIT-COPYING	-	Deepin innogpu-fh2m 20250421190503-debug source payload	imported-unmodified	-	declared-rights-review-pending	Copyright   Copyright (c) Imagination Technologies Ltd. All Rights Reserved
drivers/innosrvkm/include/pvr_notifier.h	d3aea0422c4c3885c5ba7a70aef698d0a90432472d0a3cb7982c0c1908d26452	dual-mit-gpl	Dual MIT/GPLv2	MIT OR GPL-2.0-only	GPL-COPYING,MIT-COPYING	-	Deepin innogpu-fh2m 20250421190503-debug source payload	imported-unmodified	-	declared-rights-review-pending	Copyright      Copyright (c) Imagination Technologies Ltd. All Rights Reserved
drivers/innosrvkm/include/pvr_procfs.h	62679d22b47be434917628a4b7f0e889c7e34d01af7c979546bcb37a90c77949	dual-mit-gpl	Dual MIT/GPLv2	MIT OR GPL-2.0-only	GPL-COPYING,MIT-COPYING	-	Deepin innogpu-fh2m 20250421190503-debug source payload	imported-unmodified	-	declared-rights-review-pending	Copyright      Copyright (c) Imagination Technologies Ltd. All Rights Reserved
drivers/innosrvkm/include/pvr_sw_fence.h	b5f202f5b2e5202891d2ae05d3c2e550e47d9ac512fe33dba98ca34ac179eeb8	dual-mit-gpl	Dual MIT/GPLv2	MIT OR GPL-2.0-only	GPL-COPYING,MIT-COPYING	-	Deepin innogpu-fh2m 20250421190503-debug source payload	imported-unmodified	-	declared-rights-review-pending	Copyright   Copyright (c) Imagination Technologies Ltd. All Rights Reserved
drivers/innosrvkm/include/pvr_sync.h	fc12066faf7fdb4baebd3f174276cbe962d6fd0277b5204ab2036fe98b113f39	dual-mit-gpl	Dual MIT/GPLv2	MIT OR GPL-2.0-only	GPL-COPYING,MIT-COPYING	-	Deepin innogpu-fh2m 20250421190503-debug source payload	imported-unmodified	-	declared-rights-review-pending	Copyright   Copyright (c) Imagination Technologies Ltd. All Rights Reserved
drivers/innosrvkm/include/pvr_sync_api.h	c6e37d3ae3f1942a890cd5cf4929758e2a4c58f76324905d2e7244e00564c7a7	dual-mit-gpl	Dual MIT/GPLv2	MIT OR GPL-2.0-only	GPL-COPYING,MIT-COPYING	-	Deepin innogpu-fh2m 20250421190503-debug source payload	imported-unmodified	-	declared-rights-review-pending	Copyright   Copyright (c) Imagination Technologies Ltd. All Rights Reserved
drivers/innosrvkm/include/pvr_sync_ioctl_common.h	ca55bbfee7b18b482ed80dbe028aa3ccc6a02a2adb952d47a6f6edebb7d777bc	dual-mit-gpl	Dual MIT/GPLv2	MIT OR GPL-2.0-only	GPL-COPYING,MIT-COPYING	-	Deepin innogpu-fh2m 20250421190503-debug source payload	imported-unmodified	-	declared-rights-review-pending	Copyright   Copyright (c) Imagination Technologies Ltd. All Rights Reserved
drivers/innosrvkm/include/pvr_sync_ioctl_drm.h	7a9b474c6a9ce43e88fe5dd5c2cee11fcd3a4d2b0f8bc169549e0f2c4b2b1f86	dual-mit-gpl	Dual MIT/GPLv2	MIT OR GPL-2.0-only	GPL-COPYING,MIT-COPYING	-	Deepin innogpu-fh2m 20250421190503-debug source payload	imported-unmodified	-	declared-rights-review-pending	Copyright   Copyright (c) Imagination Technologies Ltd. All Rights Reserved
drivers/innosrvkm/include/pvr_uaccess.h	902ba5ee6e42ff7fbb764d769a26a6d7f835858c69d99130d9c61cd8e53e6fd6	dual-mit-gpl	Dual MIT/GPLv2	MIT OR GPL-2.0-only	GPL-COPYING,MIT-COPYING	-	Deepin innogpu-fh2m 20250421190503-debug source payload	imported-unmodified	-	declared-rights-review-pending	Copyright      Copyright (c) Imagination Technologies Ltd. All Rights Reserved
drivers/innosrvkm/include/pvrmodule.h	087b7226f5117d54579afc72f0f81e18fa47d40bb1c7599e801ca4e1fb228427	dual-mit-gpl	Dual MIT/GPLv2	MIT OR GPL-2.0-only	GPL-COPYING,MIT-COPYING	Dual MIT/GPL	Deepin innogpu-fh2m 20250421190503-debug source payload	imported-unmodified	-	declared-rights-review-pending	Copyright      Copyright (c) Imagination Technologies Ltd. All Rights Reserved
drivers/innosrvkm/include/pvrsrv.h	4463d3f1ba702d335c5c0645bd2b9a9a46b4bbcbba52a1b16722faa1d15a8ae2	dual-mit-gpl	Dual MIT/GPLv2	MIT OR GPL-2.0-only	GPL-COPYING,MIT-COPYING	-	Deepin innogpu-fh2m 20250421190503-debug source payload	imported-unmodified	-	declared-rights-review-pending	Copyright      Copyright (c) Imagination Technologies Ltd. All Rights Reserved | Copyright (c) Innosilicon Technology Ltd. All Rights Reserved
drivers/innosrvkm/include/pvrsrv_apphint.h	12862b97d0e395a670d2fd44403a908a77c5f5d3685308ef793cb022fd679841	dual-mit-gpl	Dual MIT/GPLv2	MIT OR GPL-2.0-only	GPL-COPYING,MIT-COPYING	-	Deepin innogpu-fh2m 20250421190503-debug source payload	imported-unmodified	-	declared-rights-review-pending	Copyright      Copyright (c) Imagination Technologies Ltd. All Rights Reserved
drivers/innosrvkm/include/pvrsrv_bridge_init.h	079544c9ba8410d27bf54a387b0e41e239121cabfb2ff731ad00a6e2d2cf9d04	dual-mit-gpl	Dual MIT/GPLv2	MIT OR GPL-2.0-only	GPL-COPYING,MIT-COPYING	-	Deepin innogpu-fh2m 20250421190503-debug source payload	imported-unmodified	-	declared-rights-review-pending	Copyright      Copyright (c) Imagination Technologies Ltd. All Rights Reserved
drivers/innosrvkm/include/pvrsrv_cleanup.h	2d2df241d310600721eafec516ae868cdd245b0d1b4ca627f8ffffa9c6763a3d	dual-mit-gpl	Dual MIT/GPLv2	MIT OR GPL-2.0-only	GPL-COPYING,MIT-COPYING	-	Deepin innogpu-fh2m 20250421190503-debug source payload	imported-unmodified	-	declared-rights-review-pending	Copyright      Copyright (c) Imagination Technologies Ltd. All Rights Reserved
drivers/innosrvkm/include/pvrsrv_device.h	fd2ea7e7d3d86dd2e53ddb1af5571ce6f4cbde5378fc8b8770786a7caa45f1d5	dual-mit-gpl	Dual MIT/GPLv2	MIT OR GPL-2.0-only	GPL-COPYING,MIT-COPYING	-	Deepin innogpu-fh2m 20250421190503-debug source payload	imported-unmodified	-	declared-rights-review-pending	Copyright      Copyright (c) Imagination Technologies Ltd. All Rights Reserved | Copyright (c) Innosilicon Technology Ltd. All Rights Reserved
drivers/innosrvkm/include/pvrsrv_device_types.h	31a1cc76194ffc79d230406b4a64422e02f97fed1caf089228192d0d511d392d	dual-mit-gpl	Dual MIT/GPLv2	MIT OR GPL-2.0-only	GPL-COPYING,MIT-COPYING	-	Deepin innogpu-fh2m 20250421190503-debug source payload	imported-unmodified	-	declared-rights-review-pending	Copyright      Copyright (c) Imagination Technologies Ltd. All Rights Reserved
drivers/innosrvkm/include/pvrsrv_error.h	c67b032c212e6dab311f69c31cdb015a983e2a37af59bccce14dc054d9cf517d	dual-mit-gpl	Dual MIT/GPLv2	MIT OR GPL-2.0-only	GPL-COPYING,MIT-COPYING	-	Deepin innogpu-fh2m 20250421190503-debug source payload	imported-unmodified	-	declared-rights-review-pending	Copyright      Copyright (c) Imagination Technologies Ltd. All Rights Reserved
drivers/innosrvkm/include/pvrsrv_errors.h	b37fe8510119bb358a0cd89f0c9fc3151a2f9939ca6f534fd438b2f20cc0ebbb	dual-mit-gpl	Dual MIT/GPLv2	MIT OR GPL-2.0-only	GPL-COPYING,MIT-COPYING	-	Deepin innogpu-fh2m 20250421190503-debug source payload	imported-unmodified	-	declared-rights-review-pending	Copyright      Copyright (c) Imagination Technologies Ltd. All Rights Reserved
drivers/innosrvkm/include/pvrsrv_firmware_boot.h	89faa454148f83cfe1976208f4366fa8f6a0093962c529487e4b8e69c3c63187	strict-confidential	Strictly Confidential	LicenseRef-Strictly-Confidential	-	-	Deepin innogpu-fh2m 20250421190503-debug source payload	imported-unmodified	-	blocked-confidential-rights	Copyright      Copyright (c) Imagination Technologies Ltd. All Rights Reserved
drivers/innosrvkm/include/pvrsrv_memalloc_physheap.h	a5bf04d792871a06b4634c6462be04b940574f0e014a83142fa059356e9ec972	dual-mit-gpl	Dual MIT/GPLv2	MIT OR GPL-2.0-only	GPL-COPYING,MIT-COPYING	-	Deepin innogpu-fh2m 20250421190503-debug source payload	imported-unmodified	-	declared-rights-review-pending	Copyright      Copyright (c) Imagination Technologies Ltd. All Rights Reserved
drivers/innosrvkm/include/pvrsrv_memallocflags.h	ecd32806a255f2ee57789ee20cd06382fca7db72406dca8eefd82d17dfc02c3d	dual-mit-gpl	Dual MIT/GPLv2	MIT OR GPL-2.0-only	GPL-COPYING,MIT-COPYING	-	Deepin innogpu-fh2m 20250421190503-debug source payload	imported-unmodified	-	declared-rights-review-pending	Copyright      Copyright (c) Imagination Technologies Ltd. All Rights Reserved
drivers/innosrvkm/include/pvrsrv_memallocflags_internal.h	fe31b3c02bea19d13dbac30950905724ae287a1dbc826fa35dcb6710807db27b	dual-mit-gpl	Dual MIT/GPLv2	MIT OR GPL-2.0-only	GPL-COPYING,MIT-COPYING	-	Deepin innogpu-fh2m 20250421190503-debug source payload	imported-unmodified	-	declared-rights-review-pending	Copyright      Copyright (c) Imagination Technologies Ltd. All Rights Reserved
drivers/innosrvkm/include/pvrsrv_pool.h	6aa177e47b10adac0ea4ef4c62e86ad55a0ec5f8de436d670db071eb7165f737	dual-mit-gpl	Dual MIT/GPLv2	MIT OR GPL-2.0-only	GPL-COPYING,MIT-COPYING	-	Deepin innogpu-fh2m 20250421190503-debug source payload	imported-unmodified	-	declared-rights-review-pending	Copyright      Copyright (c) Imagination Technologies Ltd. All Rights Reserved
drivers/innosrvkm/include/pvrsrv_sync_km.h	00629dbb53190b23ce21052658f8c0ac461c83c78bd9f57a4261b2a9c894405b	dual-mit-gpl	Dual MIT/GPLv2	MIT OR GPL-2.0-only	GPL-COPYING,MIT-COPYING	-	Deepin innogpu-fh2m 20250421190503-debug source payload	imported-unmodified	-	declared-rights-review-pending	Copyright     Copyright (c) Imagination Technologies Ltd. All Rights Reserved
drivers/innosrvkm/include/pvrsrv_sync_server.h	5bb582b9e03a3cbaa373637585d1a31f38ae2dfe8b3ed41e926e045e5e9fe611	dual-mit-gpl	Dual MIT/GPLv2	MIT OR GPL-2.0-only	GPL-COPYING,MIT-COPYING	-	Deepin innogpu-fh2m 20250421190503-debug source payload	imported-unmodified	-	declared-rights-review-pending	Copyright      Copyright (c) Imagination Technologies Ltd. All Rights Reserved
drivers/innosrvkm/include/pvrsrv_tlcommon.h	496c1c92674f2d6ea985cd44a7f3a4a9759e6d18c87ca00ea98956a179b40366	dual-mit-gpl	Dual MIT/GPLv2	MIT OR GPL-2.0-only	GPL-COPYING,MIT-COPYING	-	Deepin innogpu-fh2m 20250421190503-debug source payload	imported-unmodified	-	declared-rights-review-pending	Copyright      Copyright (c) Imagination Technologies Ltd. All Rights Reserved
drivers/innosrvkm/include/pvrsrv_tlstreams.h	2dee22a1663f7ffd3fe4a15626fec111f785d6e7e28ec6b4bf0932c30fa5e9f4	dual-mit-gpl	Dual MIT/GPLv2	MIT OR GPL-2.0-only	GPL-COPYING,MIT-COPYING	-	Deepin innogpu-fh2m 20250421190503-debug source payload	imported-unmodified	-	declared-rights-review-pending	Copyright      Copyright (c) Imagination Technologies Ltd. All Rights Reserved
drivers/innosrvkm/include/pvrversion.h	fe548b81623e3ae106588c3461c43ee6dc8cd4b44cf06b78748ae5fd0f622816	dual-mit-gpl	Dual MIT/GPLv2	MIT OR GPL-2.0-only	GPL-COPYING,MIT-COPYING	-	Deepin innogpu-fh2m 20250421190503-debug source payload	imported-unmodified	-	declared-rights-review-pending	"Copyright      Copyright (c) Imagination Technologies Ltd. All Rights Reserved | define COPYRIGHT_TXT               ""Copyright (c) GT Technologies Ltd. All Rights Reserved."" | define COPYRIGHT_TXT               ""Copyright (c) AWM Technologies Ltd. All Rights Reserved."" | define COPYRIGHT_TXT               ""Copyright (c) Imagination Technologies Ltd. All Rights Reserved."""
drivers/innosrvkm/include/ra.h	338d8b3128e6f199c8829fb3681f52dd27ef29eb2283c1e83a8e8ae8c04a0f49	dual-mit-gpl	Dual MIT/GPLv2	MIT OR GPL-2.0-only	GPL-COPYING,MIT-COPYING	-	Deepin innogpu-fh2m 20250421190503-debug source payload	imported-unmodified	-	declared-rights-review-pending	Copyright      Copyright (c) Imagination Technologies Ltd. All Rights Reserved | Copyright (c) Innosilicon Technology Ltd. All Rights Reserved
drivers/innosrvkm/include/rgx_bridge.h	2668063b3596f66126615c2a9cc30946c7a6c278b5622c3e476229a7e2c67b7c	dual-mit-gpl	Dual MIT/GPLv2	MIT OR GPL-2.0-only	GPL-COPYING,MIT-COPYING	-	Deepin innogpu-fh2m 20250421190503-debug source payload	imported-unmodified	-	declared-rights-review-pending	Copyright      Copyright (c) Imagination Technologies Ltd. All Rights Reserved
drivers/innosrvkm/include/rgx_bvnc_defs_km.h	ab04bf0a0192b0843e5709841f2acaaf70dd1f198dfeee699670f7b27749951b	dual-mit-gpl	Dual MIT/GPLv2	MIT OR GPL-2.0-only	GPL-COPYING,MIT-COPYING	-	Deepin innogpu-fh2m 20250421190503-debug source payload	imported-unmodified	-	declared-rights-review-pending	Copyright      Copyright (c) Imagination Technologies Ltd. All Rights Reserved
drivers/innosrvkm/include/rgx_common.h	0ea30802eb739229d8f578df136efd027ce6d50969679774eaab2d87fe0ac0b5	dual-mit-gpl	Dual MIT/GPLv2	MIT OR GPL-2.0-only	GPL-COPYING,MIT-COPYING	-	Deepin innogpu-fh2m 20250421190503-debug source payload	imported-unmodified	-	declared-rights-review-pending	Copyright      Copyright (c) Imagination Technologies Ltd. All Rights Reserved
drivers/innosrvkm/include/rgx_common_asserts.h	fc6f494c0f3c9a69f52f599e7de140565ce8e54b5fb9dcd8e0e96070ec803913	dual-mit-gpl	Dual MIT/GPLv2	MIT OR GPL-2.0-only	GPL-COPYING,MIT-COPYING	-	Deepin innogpu-fh2m 20250421190503-debug source payload	imported-unmodified	-	declared-rights-review-pending	Copyright      Copyright (c) Imagination Technologies Ltd. All Rights Reserved
drivers/innosrvkm/include/rgx_cr_defs_km.h	9b132e0bc38d0460b94207e8c1d8c8bfecfd28a938f910427b0babcc20a20366	dual-mit-gpl	Dual MIT/GPLv2	MIT OR GPL-2.0-only	GPL-COPYING,MIT-COPYING	-	Deepin innogpu-fh2m 20250421190503-debug source payload	imported-unmodified	-	declared-rights-review-pending	Copyright      Copyright (c) Imagination Technologies Ltd. All Rights Reserved
drivers/innosrvkm/include/rgx_firmware_boot.h	f9cb2c7e543150b5659dbbb7b53f99b82c3822f0f63f265502b43d20c479fb5a	dual-mit-gpl	Dual MIT/GPLv2	MIT OR GPL-2.0-only	GPL-COPYING,MIT-COPYING	-	Deepin innogpu-fh2m 20250421190503-debug source payload	imported-unmodified	-	declared-rights-review-pending	Copyright      Copyright (c) Imagination Technologies Ltd. All Rights Reserved
drivers/innosrvkm/include/rgx_fw_info.h	72f68fa45275990543bee0ceaf41dd3672fee9157696fa4194a27f9f643f5132	dual-mit-gpl	Dual MIT/GPLv2	MIT OR GPL-2.0-only	GPL-COPYING,MIT-COPYING	-	Deepin innogpu-fh2m 20250421190503-debug source payload	imported-unmodified	-	declared-rights-review-pending	Copyright      Copyright (c) Imagination Technologies Ltd. All Rights Reserved
drivers/innosrvkm/include/rgx_fwif_hwperf.h	c42dfff5d123993bff8b18af7c52db3b650a9b86cce7c601b06a252bfea79af4	dual-mit-gpl	Dual MIT/GPLv2	MIT OR GPL-2.0-only	GPL-COPYING,MIT-COPYING	-	Deepin innogpu-fh2m 20250421190503-debug source payload	imported-unmodified	-	declared-rights-review-pending	Copyright      Copyright (c) Imagination Technologies Ltd. All Rights Reserved
drivers/innosrvkm/include/rgx_fwif_km.h	c6464f75b719a41b7dc2bd124e18e7df8a25738dc02113db592ad8b7db537d2b	dual-mit-gpl	Dual MIT/GPLv2	MIT OR GPL-2.0-only	GPL-COPYING,MIT-COPYING	-	Deepin innogpu-fh2m 20250421190503-debug source payload	imported-unmodified	-	declared-rights-review-pending	Copyright      Copyright (c) Imagination Technologies Ltd. All Rights Reserved
drivers/innosrvkm/include/rgx_fwif_resetframework.h	944cfef1a762fe824c2a39ab237eaab523825b99e68f8ec796ac46f86db2928c	dual-mit-gpl	Dual MIT/GPLv2	MIT OR GPL-2.0-only	GPL-COPYING,MIT-COPYING	-	Deepin innogpu-fh2m 20250421190503-debug source payload	imported-unmodified	-	declared-rights-review-pending	Copyright      Copyright (c) Imagination Technologies Ltd. All Rights Reserved
drivers/innosrvkm/include/rgx_fwif_shared.h	e816efbeae414a572e0d33b6ff5323956ce70ffa6331a1df825a013a6580dfc0	dual-mit-gpl	Dual MIT/GPLv2	MIT OR GPL-2.0-only	GPL-COPYING,MIT-COPYING	-	Deepin innogpu-fh2m 20250421190503-debug source payload	imported-unmodified	-	declared-rights-review-pending	Copyright      Copyright (c) Imagination Technologies Ltd. All Rights Reserved
drivers/innosrvkm/include/rgx_heap_firmware.h	58185b6c0c3633095af8d59c3918a56ed5566b283a93056823e64ab9f729aba3	dual-mit-gpl	Dual MIT/GPLv2	MIT OR GPL-2.0-only	GPL-COPYING,MIT-COPYING	-	Deepin innogpu-fh2m 20250421190503-debug source payload	imported-unmodified	-	declared-rights-review-pending	Copyright      Copyright (c) Imagination Technologies Ltd. All Rights Reserved
drivers/innosrvkm/include/rgx_heaps.h	455527b1da44db63d38b6e8020e4cc4a74bc8b656cbc10e3b4c693940f9e012a	dual-mit-gpl	Dual MIT/GPLv2	MIT OR GPL-2.0-only	GPL-COPYING,MIT-COPYING	-	Deepin innogpu-fh2m 20250421190503-debug source payload	imported-unmodified	-	declared-rights-review-pending	Copyright      Copyright (c) Imagination Technologies Ltd. All Rights Reserved
drivers/innosrvkm/include/rgx_hwperf.h	28f1690aaeb1c68f14d4511015ac0db2eb8e673b327de26330381f115fdd46e8	dual-mit-gpl	Dual MIT/GPLv2	MIT OR GPL-2.0-only	GPL-COPYING,MIT-COPYING	-	Deepin innogpu-fh2m 20250421190503-debug source payload	imported-unmodified	-	declared-rights-review-pending	Copyright      Copyright (c) Imagination Technologies Ltd. All Rights Reserved
drivers/innosrvkm/include/rgx_hwperf_common.h	92038fe44aa5ec14715c8932fb0d37ef8acb55ee38791a85ade04cc0640c76bc	dual-mit-gpl	Dual MIT/GPLv2	MIT OR GPL-2.0-only	GPL-COPYING,MIT-COPYING	-	Deepin innogpu-fh2m 20250421190503-debug source payload	imported-unmodified	-	declared-rights-review-pending	Copyright      Copyright (c) Imagination Technologies Ltd. All Rights Reserved
drivers/innosrvkm/include/rgx_hwperf_table.h	e5bce35838318d513bbbfcff1d2b4c0508889b6550ff57140704f614df7c3cbf	dual-mit-gpl	Dual MIT/GPLv2	MIT OR GPL-2.0-only	GPL-COPYING,MIT-COPYING	-	Deepin innogpu-fh2m 20250421190503-debug source payload	imported-unmodified	-	declared-rights-review-pending	Copyright      Copyright (c) Imagination Technologies Ltd. All Rights Reserved
drivers/innosrvkm/include/rgx_memallocflags.h	501f0274df82d76af13b4dabccca149e0702a17b4734313b22cb4d1b064b7c12	dual-mit-gpl	Dual MIT/GPLv2	MIT OR GPL-2.0-only	GPL-COPYING,MIT-COPYING	-	Deepin innogpu-fh2m 20250421190503-debug source payload	imported-unmodified	-	declared-rights-review-pending	Copyright      Copyright (c) Imagination Technologies Ltd. All Rights Reserved
drivers/innosrvkm/include/rgx_meta.h	2b2c93c7c92602e101bb90245f2c574c4fe61a91a2f2bfe15b458c7b7f2fcebe	dual-mit-gpl	Dual MIT/GPLv2	MIT OR GPL-2.0-only	GPL-COPYING,MIT-COPYING	-	Deepin innogpu-fh2m 20250421190503-debug source payload	imported-unmodified	-	declared-rights-review-pending	Copyright      Copyright (c) Imagination Technologies Ltd. All Rights Reserved
drivers/innosrvkm/include/rgx_pdump_panics.h	758f92be06004d433179cbcdffb857e0ba8e3425644b92c9ec8a4eafdc0cfcbe	dual-mit-gpl	Dual MIT/GPLv2	MIT OR GPL-2.0-only	GPL-COPYING,MIT-COPYING	-	Deepin innogpu-fh2m 20250421190503-debug source payload	imported-unmodified	-	declared-rights-review-pending	Copyright      Copyright (c) Imagination Technologies Ltd. All Rights Reserved
drivers/innosrvkm/include/rgx_riscv.h	681fa580efbf868632fe1cd4c7b5dae957ac06f6c24da5a8fab87386a3977934	dual-mit-gpl	Dual MIT/GPLv2	MIT OR GPL-2.0-only	GPL-COPYING,MIT-COPYING	-	Deepin innogpu-fh2m 20250421190503-debug source payload	imported-unmodified	-	declared-rights-review-pending	Copyright      Copyright (c) Imagination Technologies Ltd. All Rights Reserved
drivers/innosrvkm/include/rgxapi_km.h	e2f6461d9bb35af2674f3bdf4f6b09916747d561a30bda0ec89f519bd430341d	dual-mit-gpl	Dual MIT/GPLv2	MIT OR GPL-2.0-only	GPL-COPYING,MIT-COPYING	-	Deepin innogpu-fh2m 20250421190503-debug source payload	imported-unmodified	-	declared-rights-review-pending	Copyright      Copyright (c) Imagination Technologies Ltd. All Rights Reserved
drivers/innosrvkm/include/rgxccb.h	260af3653fa48ba9f691d713eb151fd66c4f8a136a5cce0ae6d627f77da57367	dual-mit-gpl	Dual MIT/GPLv2	MIT OR GPL-2.0-only	GPL-COPYING,MIT-COPYING	-	Deepin innogpu-fh2m 20250421190503-debug source payload	imported-unmodified	-	declared-rights-review-pending	Copyright      Copyright (c) Imagination Technologies Ltd. All Rights Reserved
drivers/innosrvkm/include/rgxdefs_km.h	e37652e617c888f44d4e70d3374cff625d062855f02897a5391d8ae98e8738a1	dual-mit-gpl	Dual MIT/GPLv2	MIT OR GPL-2.0-only	GPL-COPYING,MIT-COPYING	-	Deepin innogpu-fh2m 20250421190503-debug source payload	imported-unmodified	-	declared-rights-review-pending	Copyright      Copyright (c) Imagination Technologies Ltd. All Rights Reserved
drivers/innosrvkm/include/rgxdevice.h	f90768929081851b2949663c1c6303a5227f72a2b4ae3e140a31f082b8892b50	dual-mit-gpl	Dual MIT/GPLv2	MIT OR GPL-2.0-only	GPL-COPYING,MIT-COPYING	-	Deepin innogpu-fh2m 20250421190503-debug source payload	imported-unmodified	-	declared-rights-review-pending	Copyright      Copyright (c) Imagination Technologies Ltd. All Rights Reserved | Copyright (c) Innosilicon Technology Ltd. All Rights Reserved
drivers/innosrvkm/include/rgxfwmemctx.h	3c3f8a3ca973b424dd05025f149658ac6102a7ad67a78734c5c5c0c8a4b0fed6	dual-mit-gpl	Dual MIT/GPLv2	MIT OR GPL-2.0-only	GPL-COPYING,MIT-COPYING	-	Deepin innogpu-fh2m 20250421190503-debug source payload	imported-unmodified	-	declared-rights-review-pending	Copyright      Copyright (c) Imagination Technologies Ltd. All Rights Reserved
drivers/innosrvkm/include/rgxfwutils.h	3344538e24337b5e4a25bd5c694aa516ed32dfbd893cc921b5d211f8031c578a	dual-mit-gpl	Dual MIT/GPLv2	MIT OR GPL-2.0-only	GPL-COPYING,MIT-COPYING	-	Deepin innogpu-fh2m 20250421190503-debug source payload	imported-unmodified	-	declared-rights-review-pending	Copyright      Copyright (c) Imagination Technologies Ltd. All Rights Reserved | Copyright (c) Innosilicon Technology Ltd. All Rights Reserved
drivers/innosrvkm/include/rgxgpuutil.h	0a4be9a3bd07b531cd2705e4ddf79c6cc46af82e1771b71f30b44fb12492125d	unclassified	no mechanically recognized declaration	NOASSERTION	-	-	Deepin innogpu-fh2m 20250421190503-debug source payload	imported-unmodified	-	blocked-unclassified	-
drivers/innosrvkm/include/rgxheapconfig.h	cbd385b82a2f96a7e68427489c395a33e2924ea5c4087838ffae2f0a1b80cce9	dual-mit-gpl	Dual MIT/GPLv2	MIT OR GPL-2.0-only	GPL-COPYING,MIT-COPYING	-	Deepin innogpu-fh2m 20250421190503-debug source payload	imported-unmodified	-	declared-rights-review-pending	Copyright      Copyright (c) Imagination Technologies Ltd. All Rights Reserved
drivers/innosrvkm/include/rgxhwperf.h	f8ad44af8e500cc2064ab25dd48df08bdfc0b8a20506ecd173ef5fecd2af17cc	dual-mit-gpl	Dual MIT/GPLv2	MIT OR GPL-2.0-only	GPL-COPYING,MIT-COPYING	-	Deepin innogpu-fh2m 20250421190503-debug source payload	imported-unmodified	-	declared-rights-review-pending	Copyright      Copyright (c) Imagination Technologies Ltd. All Rights Reserved
drivers/innosrvkm/include/rgxhwperf_common.h	72d10857266a42c27fd04436473e3f7de6da5b7707e2363389fd59132cba8943	dual-mit-gpl	Dual MIT/GPLv2	MIT OR GPL-2.0-only	GPL-COPYING,MIT-COPYING	-	Deepin innogpu-fh2m 20250421190503-debug source payload	imported-unmodified	-	declared-rights-review-pending	Copyright      Copyright (c) Imagination Technologies Ltd. All Rights Reserved
drivers/innosrvkm/include/rgxinit.h	92d84ba172139b322cb0486768618255ff9aedbe2cbbd0f337d76d5307e3fe0a	dual-mit-gpl	Dual MIT/GPLv2	MIT OR GPL-2.0-only	GPL-COPYING,MIT-COPYING	-	Deepin innogpu-fh2m 20250421190503-debug source payload	imported-unmodified	-	declared-rights-review-pending	Copyright      Copyright (c) Imagination Technologies Ltd. All Rights Reserved
drivers/innosrvkm/include/rgxinit_apphints.h	1332312c8ec2e79e1c322eed7281d3d31e5beacf85aeed6daf818706770e0a59	dual-mit-gpl	Dual MIT/GPLv2	MIT OR GPL-2.0-only	GPL-COPYING,MIT-COPYING	-	Deepin innogpu-fh2m 20250421190503-debug source payload	imported-unmodified	-	declared-rights-review-pending	Copyright      Copyright (c) Imagination Technologies Ltd. All Rights Reserved
drivers/innosrvkm/include/rgxlayer.h	edd16ea805b112eae7fdff2ecc46e4b57cccd660721e580ff1f9d1bec0f5cb34	dual-mit-gpl	Dual MIT/GPLv2	MIT OR GPL-2.0-only	GPL-COPYING,MIT-COPYING	-	Deepin innogpu-fh2m 20250421190503-debug source payload	imported-unmodified	-	declared-rights-review-pending	Copyright      Copyright (c) Imagination Technologies Ltd. All Rights Reserved
drivers/innosrvkm/include/rgxlayer_impl.h	d96ed2861d551cb608ab06b8e4de6737eec4722d5047f9a3e1dc820f4d4607ed	strict-confidential	Strictly Confidential	LicenseRef-Strictly-Confidential	-	-	Deepin innogpu-fh2m 20250421190503-debug source payload	imported-unmodified	-	blocked-confidential-rights	Copyright      Copyright (c) Imagination Technologies Ltd. All Rights Reserved
drivers/innosrvkm/include/rgxmem.h	f85cc36dd023c0b17132178ccc039112ec5c8927011b01fd7c8f8fd3046c2cbf	dual-mit-gpl	Dual MIT/GPLv2	MIT OR GPL-2.0-only	GPL-COPYING,MIT-COPYING	-	Deepin innogpu-fh2m 20250421190503-debug source payload	imported-unmodified	-	declared-rights-review-pending	Copyright      Copyright (c) Imagination Technologies Ltd. All Rights Reserved
drivers/innosrvkm/include/rgxstartstop.h	90801924598a1ecfeb2f15d402aa9a13e440fab5d8ce6235e0bfaea34f49fe51	dual-mit-gpl	Dual MIT/GPLv2	MIT OR GPL-2.0-only	GPL-COPYING,MIT-COPYING	-	Deepin innogpu-fh2m 20250421190503-debug source payload	imported-unmodified	-	declared-rights-review-pending	Copyright      Copyright (c) Imagination Technologies Ltd. All Rights Reserved
drivers/innosrvkm/include/rgxta3d.h	cb94e85d766caa11b9123fcd3f2af93463641f5abb1d5b38130e3e89a88882dc	dual-mit-gpl	Dual MIT/GPLv2	MIT OR GPL-2.0-only	GPL-COPYING,MIT-COPYING	-	Deepin innogpu-fh2m 20250421190503-debug source payload	imported-unmodified	-	declared-rights-review-pending	Copyright      Copyright (c) Imagination Technologies Ltd. All Rights Reserved
drivers/innosrvkm/include/rgxtimecorr.h	8c589138a1b5803f88ce074a1bae5a5619731fa157aab6ffe43b1946f80565b4	dual-mit-gpl	Dual MIT/GPLv2	MIT OR GPL-2.0-only	GPL-COPYING,MIT-COPYING	-	Deepin innogpu-fh2m 20250421190503-debug source payload	imported-unmodified	-	declared-rights-review-pending	Copyright      Copyright (c) Imagination Technologies Ltd. All Rights Reserved
drivers/innosrvkm/include/rgxutils.h	e48701552792e39fe3eff09101ed2fbf417c3c4cc392391af0d838c64264235f	dual-mit-gpl	Dual MIT/GPLv2	MIT OR GPL-2.0-only	GPL-COPYING,MIT-COPYING	-	Deepin innogpu-fh2m 20250421190503-debug source payload	imported-unmodified	-	declared-rights-review-pending	Copyright      Copyright (c) Imagination Technologies Ltd. All Rights Reserved
drivers/innosrvkm/include/ri_server.h	2a29f8ebcdb7e1470b38fe8a2a61e4c8efd7f94ec4792a28bc6b9b60b051ee8f	dual-mit-gpl	Dual MIT/GPLv2	MIT OR GPL-2.0-only	GPL-COPYING,MIT-COPYING	-	Deepin innogpu-fh2m 20250421190503-debug source payload	imported-unmodified	-	declared-rights-review-pending	Copyright      Copyright (c) Imagination Technologies Ltd. All Rights Reserved
drivers/innosrvkm/include/ri_typedefs.h	b24e58062c4880d56072208224c56db9c9ac2a69ce85e1ab0434bc0947e9f1ab	dual-mit-gpl	Dual MIT/GPLv2	MIT OR GPL-2.0-only	GPL-COPYING,MIT-COPYING	-	Deepin innogpu-fh2m 20250421190503-debug source payload	imported-unmodified	-	declared-rights-review-pending	Copyright      Copyright (c) Imagination Technologies Ltd. All Rights Reserved
drivers/innosrvkm/include/rogue_trace_events.h	c928be2809f158d391a18f68fcc754a3f2cd1f67a238eff11ea22f6be4dd71e0	dual-mit-gpl	Dual MIT/GPLv2	MIT OR GPL-2.0-only	GPL-COPYING,MIT-COPYING	-	Deepin innogpu-fh2m 20250421190503-debug source payload	project-modified	patch-001	declared-rights-review-pending	Copyright      Copyright (c) Imagination Technologies Ltd. All Rights Reserved
drivers/innosrvkm/include/services_kernel_client.h	2a780099f7a6b3760f40708a83ad0c1ebfe125c3b967071b2886341296797034	dual-mit-gpl	Dual MIT/GPLv2	MIT OR GPL-2.0-only	GPL-COPYING,MIT-COPYING	-	Deepin innogpu-fh2m 20250421190503-debug source payload	imported-unmodified	-	declared-rights-review-pending	Copyright      Copyright (c) Imagination Technologies Ltd. All Rights Reserved
drivers/innosrvkm/include/services_km.h	86f09e576529b97eaae3d38074b7626f579d698a9153194cd932dd692938c634	dual-mit-gpl	Dual MIT/GPLv2	MIT OR GPL-2.0-only	GPL-COPYING,MIT-COPYING	-	Deepin innogpu-fh2m 20250421190503-debug source payload	imported-unmodified	-	declared-rights-review-pending	Copyright      Copyright (c) Imagination Technologies Ltd. All Rights Reserved
drivers/innosrvkm/include/servicesext.h	1fe2555f2e7a2f76d51fdbe55f6ed33e003a87f4360314af3c6ace0ecd0cc933	dual-mit-gpl	Dual MIT/GPLv2	MIT OR GPL-2.0-only	GPL-COPYING,MIT-COPYING	-	Deepin innogpu-fh2m 20250421190503-debug source payload	imported-unmodified	-	declared-rights-review-pending	Copyright      Copyright (c) Imagination Technologies Ltd. All Rights Reserved
drivers/innosrvkm/include/sofunc_pvr.h	31dbd7c2dc5bf4949b85c7a9e8cbe4e8228d54430a7cc48157b223804dc9a51c	dual-mit-gpl	Dual MIT/GPLv2	MIT OR GPL-2.0-only	GPL-COPYING,MIT-COPYING	-	Deepin innogpu-fh2m 20250421190503-debug source payload	imported-unmodified	-	declared-rights-review-pending	Copyright      Copyright (c) Imagination Technologies Ltd. All Rights Reserved
drivers/innosrvkm/include/sofunc_rgx.h	3bd941ff09f7e7ac0f2c40046b6270ca8ef5548935c925e56280e626fa4bf561	dual-mit-gpl	Dual MIT/GPLv2	MIT OR GPL-2.0-only	GPL-COPYING,MIT-COPYING	-	Deepin innogpu-fh2m 20250421190503-debug source payload	imported-unmodified	-	declared-rights-review-pending	Copyright      Copyright (c) Imagination Technologies Ltd. All Rights Reserved
drivers/innosrvkm/include/srvcore.h	b0a29a8bde47d3effdc0bef8936dd2b375112967ea02984895f435f73477dc2c	dual-mit-gpl	Dual MIT/GPLv2	MIT OR GPL-2.0-only	GPL-COPYING,MIT-COPYING	-	Deepin innogpu-fh2m 20250421190503-debug source payload	imported-unmodified	-	declared-rights-review-pending	Copyright      Copyright (c) Imagination Technologies Ltd. All Rights Reserved
drivers/innosrvkm/include/srvinit.h	d33b636381e3ceaf05192f55f3861046d289144ff866d595a89abc88ac1ec944	dual-mit-gpl	Dual MIT/GPLv2	MIT OR GPL-2.0-only	GPL-COPYING,MIT-COPYING	-	Deepin innogpu-fh2m 20250421190503-debug source payload	imported-unmodified	-	declared-rights-review-pending	Copyright      Copyright (c) Imagination Technologies Ltd. All Rights Reserved
drivers/innosrvkm/include/srvkm.h	659fc3b365b34e9f14ed371c45e356a984c488f586cb4ae6d1ec456d3fb5dda9	dual-mit-gpl	Dual MIT/GPLv2	MIT OR GPL-2.0-only	GPL-COPYING,MIT-COPYING	-	Deepin innogpu-fh2m 20250421190503-debug source payload	imported-unmodified	-	declared-rights-review-pending	Copyright      Copyright (c) Imagination Technologies Ltd. All Rights Reserved
drivers/innosrvkm/include/sync_checkpoint.h	2f049c1eb31fb339b8b79a4d019b0626d349cf12e198415112f79814c8c034e7	dual-mit-gpl	Dual MIT/GPLv2	MIT OR GPL-2.0-only	GPL-COPYING,MIT-COPYING	-	Deepin innogpu-fh2m 20250421190503-debug source payload	imported-unmodified	-	declared-rights-review-pending	Copyright      Copyright (c) Imagination Technologies Ltd. All Rights Reserved
drivers/innosrvkm/include/sync_checkpoint_external.h	31ef746a02d3921a9872cbb2190c64348c4dc010412ee4f4d72bd50739b82ecf	dual-mit-gpl	Dual MIT/GPLv2	MIT OR GPL-2.0-only	GPL-COPYING,MIT-COPYING	-	Deepin innogpu-fh2m 20250421190503-debug source payload	imported-unmodified	-	declared-rights-review-pending	Copyright      Copyright (c) Imagination Technologies Ltd. All Rights Reserved
drivers/innosrvkm/include/sync_internal.h	a8d5acb21aeee2393928f41ee58a4d2686e049b7c64f15f3ce6dbd486f5f3573	dual-mit-gpl	Dual MIT/GPLv2	MIT OR GPL-2.0-only	GPL-COPYING,MIT-COPYING	-	Deepin innogpu-fh2m 20250421190503-debug source payload	imported-unmodified	-	declared-rights-review-pending	Copyright      Copyright (c) Imagination Technologies Ltd. All Rights Reserved
drivers/innosrvkm/include/sync_prim_internal.h	9deb049692d2d177c980ada954239929892b25fc5d2c09c9fc34f024a74b8397	dual-mit-gpl	Dual MIT/GPLv2	MIT OR GPL-2.0-only	GPL-COPYING,MIT-COPYING	-	Deepin innogpu-fh2m 20250421190503-debug source payload	imported-unmodified	-	declared-rights-review-pending	Copyright      Copyright (c) Imagination Technologies Ltd. All Rights Reserved
drivers/innosrvkm/include/sync_server.h	7c6ac74e8be6c5b1cdb8f962cdddd6a8816c7d763a739c41ad7f235cc0a8504c	dual-mit-gpl	Dual MIT/GPLv2	MIT OR GPL-2.0-only	GPL-COPYING,MIT-COPYING	-	Deepin innogpu-fh2m 20250421190503-debug source payload	imported-unmodified	-	declared-rights-review-pending	Copyright      Copyright (c) Imagination Technologies Ltd. All Rights Reserved
drivers/innosrvkm/include/syscommon.h	90fa8927d440403bc7f1a3cf328d59d680a73a842ead28cd0c56d83cfef88f08	dual-mit-gpl	Dual MIT/GPLv2	MIT OR GPL-2.0-only	GPL-COPYING,MIT-COPYING	-	Deepin innogpu-fh2m 20250421190503-debug source payload	imported-unmodified	-	declared-rights-review-pending	Copyright      Copyright (c) Imagination Technologies Ltd. All Rights Reserved | Copyright (c) Innosilicon Technology Ltd. All Rights Reserved
drivers/innosrvkm/include/sysinfo.h	c4f120dc6078f891fa88bf32875c993813804c41aa0d512300e5b66fb41ff883	dual-mit-gpl	Dual MIT/GPLv2	MIT OR GPL-2.0-only	GPL-COPYING,MIT-COPYING	-	Deepin innogpu-fh2m 20250421190503-debug source payload	imported-unmodified	-	declared-rights-review-pending	Copyright      Copyright (c) Innosilicon Technology Ltd. All Rights Reserved
drivers/innosrvkm/include/tlclient.h	9e00ec2970d8798b8c902eb729bbcd3175aa7186579302ca398cc9ee8db54a5c	dual-mit-gpl	Dual MIT/GPLv2	MIT OR GPL-2.0-only	GPL-COPYING,MIT-COPYING	-	Deepin innogpu-fh2m 20250421190503-debug source payload	imported-unmodified	-	declared-rights-review-pending	Copyright      Copyright (c) Imagination Technologies Ltd. All Rights Reserved
drivers/innosrvkm/include/tlstream.h	8d032f33d34dd50d003d5f890804fa044b78a8d2ff34ed5b856d1146f1a06043	dual-mit-gpl	Dual MIT/GPLv2	MIT OR GPL-2.0-only	GPL-COPYING,MIT-COPYING	-	Deepin innogpu-fh2m 20250421190503-debug source payload	imported-unmodified	-	declared-rights-review-pending	Copyright      Copyright (c) Imagination Technologies Ltd. All Rights Reserved
drivers/innosrvkm/include/trace_events.h	9b8eddef4086b7565b18ab2563ee1361b2c1f58fc8603464f61585b76943dae2	dual-mit-gpl	Dual MIT/GPLv2	MIT OR GPL-2.0-only	GPL-COPYING,MIT-COPYING	-	Deepin innogpu-fh2m 20250421190503-debug source payload	imported-unmodified	-	declared-rights-review-pending	Copyright      Copyright (c) Imagination Technologies Ltd. All Rights Reserved
drivers/innosrvkm/include/vmm_impl.h	8911e9b50d7d46200a2ab4ff91a04fab2c1e92f17a19299830263b7e5d8e2bae	dual-mit-gpl	Dual MIT/GPLv2	MIT OR GPL-2.0-only	GPL-COPYING,MIT-COPYING	-	Deepin innogpu-fh2m 20250421190503-debug source payload	imported-unmodified	-	declared-rights-review-pending	Copyright      Copyright (c) Imagination Technologies Ltd. All Rights Reserved
drivers/innosrvkm/include/vz_vmm_pvz.h	878fe0917d460d8f611028531704f52014fc71fb0d39a4d3810ff38f5f94c466	dual-mit-gpl	Dual MIT/GPLv2	MIT OR GPL-2.0-only	GPL-COPYING,MIT-COPYING	-	Deepin innogpu-fh2m 20250421190503-debug source payload	imported-unmodified	-	declared-rights-review-pending	Copyright      Copyright (c) Imagination Technologies Ltd. All Rights Reserved
drivers/innosrvkm/inno_apphint.c	f9dddc4681607d072268370196e05cc3e37de522fffb3c21a853679648fdabab	dual-mit-gpl	Dual MIT/GPLv2	MIT OR GPL-2.0-only	GPL-COPYING,MIT-COPYING	-	Deepin innogpu-fh2m 20250421190503-debug source payload	imported-unmodified	-	declared-rights-review-pending	Copyright      Copyright (c) Imagination Technologies Ltd. All Rights Reserved | Copyright (c) Innosilicon Technology Ltd. All Rights Reserved
drivers/innosrvkm/inno_debugfs.c	6a1ea07be6c35d68a4fac785a015096726ad2a094798d15ad4eeea75eca37ca8	dual-mit-gpl	Dual MIT/GPLv2	MIT OR GPL-2.0-only	GPL-COPYING,MIT-COPYING	-	Deepin innogpu-fh2m 20250421190503-debug source payload	imported-unmodified	-	declared-rights-review-pending	Copyright (c) Innosilicon Technology Ltd. All Rights Reserved
drivers/innosrvkm/inno_physmem_dmabuf_helper.c	0a668575ddbd0b092e4ef112e0221b515cdc85a939732493ed6c7b7be334132e	dual-mit-gpl	Dual MIT/GPLv2	MIT OR GPL-2.0-only	GPL-COPYING,MIT-COPYING	-	Deepin innogpu-fh2m 20250421190503-debug source payload	imported-unmodified	-	declared-rights-review-pending	Copyright (c) Innosilicon Technology Ltd. All Rights Reserved
drivers/innosrvkm/inno_pmr.c	109d95e6ae3a0efd5929df596d35a7a9038985e59d8004e87d227608f37b72c8	dual-mit-gpl	Dual MIT/GPLv2	MIT OR GPL-2.0-only	GPL-COPYING,MIT-COPYING	-	Deepin innogpu-fh2m 20250421190503-debug source payload	imported-unmodified	-	declared-rights-review-pending	Copyright (c) Innosilicon Technology Ltd. All Rights Reserved
drivers/innosrvkm/inno_pvr_spec.c	17900f16f5dfca9ff3cd379caf5d890eff54602b7a296f9e884163c36c788f4a	dual-mit-gpl	Dual MIT/GPLv2	MIT OR GPL-2.0-only	GPL-COPYING,MIT-COPYING	-	Deepin innogpu-fh2m 20250421190503-debug source payload	imported-unmodified	-	declared-rights-review-pending	Copyright (c) Innosilicon Technology Ltd. All Rights Reserved
drivers/innosrvkm/inno_trace.c	0cd72f3363ba86db66779507b876c35ab43ec5389c3e4fb18119770a1196bf28	dual-mit-gpl	Dual MIT/GPLv2	MIT OR GPL-2.0-only	GPL-COPYING,MIT-COPYING	-	Deepin innogpu-fh2m 20250421190503-debug source payload	imported-unmodified	-	declared-rights-review-pending	Copyright (c) Innosilicon Technology Ltd. All Rights Reserved
drivers/innosrvkm/innoaudio_chip_common.c	d42ef0e8abaeac4204ec89e5345799742510d2f8da0f99d06c59359560fad865	unclassified	no mechanically recognized declaration	NOASSERTION	-	-	Deepin innogpu-fh2m 20250421190503-debug source payload	imported-unmodified	-	blocked-unclassified	-
drivers/innosrvkm/innoaudio_drv.c	76aec39d8c512a4dc64ed8d61bf2d1fd7b462b93e495acc35229109892c3fdc5	dual-mit-gpl	Dual MIT/GPLv2	MIT OR GPL-2.0-only	GPL-COPYING,MIT-COPYING	-	Deepin innogpu-fh2m 20250421190503-debug source payload	imported-unmodified	-	declared-rights-review-pending	"Copyright		Copyright (c) Innosilicon Technology Ltd. All Rights Reserved"
drivers/innosrvkm/innoaudio_print.c	51e0161d6d1959b5503bd170f96bd52cbca35a3fe7c4e874a1d33d2461e51bd2	dual-mit-gpl	Dual MIT/GPLv2	MIT OR GPL-2.0-only	GPL-COPYING,MIT-COPYING	-	Deepin innogpu-fh2m 20250421190503-debug source payload	imported-unmodified	-	declared-rights-review-pending	"Copyright		Copyright (c) Innosilicon Technology Ltd. All Rights Reserved"
drivers/innosrvkm/innodpu_audio_api.c	2d0a1afd30460aa3136f0b3562387f57f9ae3a475422f85058052deef267d6a2	dual-mit-gpl	Dual MIT/GPLv2	MIT OR GPL-2.0-only	GPL-COPYING,MIT-COPYING	-	Deepin innogpu-fh2m 20250421190503-debug source payload	imported-unmodified	-	declared-rights-review-pending	"Copyright		Copyright (c) Innosilicon Technology Ltd. All Rights Reserved"
drivers/innosrvkm/innodpu_common_drm_panel.c	e5aa7115b27ddad24294c87ebb69a320c87edf73a67907e6966a30097ae2def9	dual-mit-gpl	Dual MIT/GPLv2	MIT OR GPL-2.0-only	GPL-COPYING,MIT-COPYING	-	Deepin innogpu-fh2m 20250421190503-debug source payload	imported-unmodified	-	declared-rights-review-pending	"Copyright		Copyright (c) Innosilicon Technology Ltd. All Rights Reserved"
drivers/innosrvkm/innodpu_compatibility.c	45c9b04e951a3bc1ab405fbdbfda5a42c33873767f7efe00225dd308630e1fdd	dual-mit-gpl	Dual MIT/GPLv2	MIT OR GPL-2.0-only	GPL-COPYING,MIT-COPYING	-	Deepin innogpu-fh2m 20250421190503-debug source payload	imported-unmodified	-	declared-rights-review-pending	"Copyright		Copyright (c) Innosilicon Technology Ltd. All Rights Reserved"
drivers/innosrvkm/innodpu_connector.c	e230e12e93cfb952168622d3ef3dad20ddf8ede255a05e92a64d112fc6d231d3	dual-mit-gpl	Dual MIT/GPLv2	MIT OR GPL-2.0-only	GPL-COPYING,MIT-COPYING	-	Deepin innogpu-fh2m 20250421190503-debug source payload	project-modified	patch-002,patch-006,patch-009	declared-rights-review-pending	"Copyright		Copyright (c) Innosilicon Technology Ltd. All Rights Reserved"
drivers/innosrvkm/innodpu_dp.c	160ab6a3cd3edcc968a2c8e6c692d965536c8507dd6dc74b5095353912f31943	dual-mit-gpl	Dual MIT/GPLv2	MIT OR GPL-2.0-only	GPL-COPYING,MIT-COPYING	-	Deepin innogpu-fh2m 20250421190503-debug source payload	project-modified	patch-001,patch-002	declared-rights-review-pending	"Copyright		Copyright (c) Innosilicon Technology Ltd. All Rights Reserved"
drivers/innosrvkm/innodpu_dp_audio_api.c	61d48affbba2af8e0b98a6652f682e98d0e9d1cf394bbf81f6e5866cb8497ed9	dual-mit-gpl	Dual MIT/GPLv2	MIT OR GPL-2.0-only	GPL-COPYING,MIT-COPYING	-	Deepin innogpu-fh2m 20250421190503-debug source payload	imported-unmodified	-	declared-rights-review-pending	"Copyright		Copyright (c) Innosilicon Technology Ltd. All Rights Reserved"
drivers/innosrvkm/innodpu_dp_common.c	e543b0ecaac73d41c0e7e3ff48815134c40f0f77d1db0e8bb8147526d3f24139	unclassified	no mechanically recognized declaration	NOASSERTION	-	-	Deepin innogpu-fh2m 20250421190503-debug source payload	imported-unmodified	-	blocked-unclassified	-
drivers/innosrvkm/innodpu_dp_debugfs.c	d096b7f56832463173cb362b9bbb2672cecec88515f2cacb1c7018b4a9197553	dual-mit-gpl	Dual MIT/GPLv2	MIT OR GPL-2.0-only	GPL-COPYING,MIT-COPYING	-	Deepin innogpu-fh2m 20250421190503-debug source payload	imported-unmodified	-	declared-rights-review-pending	"Copyright		Copyright (c) Innosilicon Technology Ltd. All Rights Reserved"
drivers/innosrvkm/innodpu_dpu.c	ae5bd03d5cc29e4de2f2f0e63e725f0c2d6a50f2e19fc57056dba58ad7c940f4	dual-mit-gpl	Dual MIT/GPLv2	MIT OR GPL-2.0-only	GPL-COPYING,MIT-COPYING	-	Deepin innogpu-fh2m 20250421190503-debug source payload	imported-unmodified	-	declared-rights-review-pending	"Copyright		Copyright (c) Innosilicon Technology Ltd. All Rights Reserved"
drivers/innosrvkm/innodpu_drm_debugfs.c	df53d45ed5cfea19e88bff12247fa6881e5ea47de468f43705ed597ab1864d44	dual-mit-gpl	Dual MIT/GPLv2	MIT OR GPL-2.0-only	GPL-COPYING,MIT-COPYING	-	Deepin innogpu-fh2m 20250421190503-debug source payload	imported-unmodified	-	declared-rights-review-pending	"Copyright		Copyright (c) Innosilicon Technology Ltd. All Rights Reserved"
drivers/innosrvkm/innodpu_drm_drv.c	dad6ea0d5d52e319a9a89dbad53d4ef29c522ed09b85cc2c340709c38b4a0e7e	dual-mit-gpl	Dual MIT/GPLv2	MIT OR GPL-2.0-only	GPL-COPYING,MIT-COPYING	-	Deepin innogpu-fh2m 20250421190503-debug source payload	imported-unmodified	-	declared-rights-review-pending	"Copyright		Copyright (c) Innosilicon Technology Ltd. All Rights Reserved"
drivers/innosrvkm/innodpu_drm_fb.c	8e455a3a41ed5e50f5d9822bfa2b2656cdaec339ecefdcbe4ebd1b04553c9450	dual-mit-gpl	Dual MIT/GPLv2	MIT OR GPL-2.0-only	GPL-COPYING,MIT-COPYING	-	Deepin innogpu-fh2m 20250421190503-debug source payload	project-modified	patch-007	declared-rights-review-pending	"Copyright		Copyright (c) Innosilicon Technology Ltd. All Rights Reserved"
drivers/innosrvkm/innodpu_drm_gem.c	cea48e2780068f717f695bf114fc657c79b7bc1ea98794118a74c6a22aaf25cf	dual-mit-gpl	Dual MIT/GPLv2	MIT OR GPL-2.0-only	GPL-COPYING,MIT-COPYING	-	Deepin innogpu-fh2m 20250421190503-debug source payload	project-modified	patch-023,patch-025,patch-027	declared-rights-review-pending	"Copyright		Copyright (c) Innosilicon Technology Ltd. All Rights Reserved"
drivers/innosrvkm/innodpu_drm_modeset.c	4dd8af358f5d7fb1c88f2737fd953ed36d0395df4f95120e537dfaeef7e1c77d	dual-mit-gpl	Dual MIT/GPLv2	MIT OR GPL-2.0-only	GPL-COPYING,MIT-COPYING	-	Deepin innogpu-fh2m 20250421190503-debug source payload	project-modified	patch-001	declared-rights-review-pending	"Copyright		Copyright (c) Innosilicon Technology Ltd. All Rights Reserved"
drivers/innosrvkm/innodpu_drm_pm.c	3e5c55ce43f85284ccd130be2e49f12a374b4ea8f76cdacdf99f8824c61fda74	dual-mit-gpl	Dual MIT/GPLv2	MIT OR GPL-2.0-only	GPL-COPYING,MIT-COPYING	-	Deepin innogpu-fh2m 20250421190503-debug source payload	imported-unmodified	-	declared-rights-review-pending	"Copyright		Copyright (c) Innosilicon Technology Ltd. All Rights Reserved"
drivers/innosrvkm/innodpu_hdmi.c	13df19b4b7d9b4c23d97d489543b1343ccf84cb422a0cb26e59bdd1e4eca545e	dual-mit-gpl	Dual MIT/GPLv2	MIT OR GPL-2.0-only	GPL-COPYING,MIT-COPYING	-	Deepin innogpu-fh2m 20250421190503-debug source payload	project-modified	patch-001	declared-rights-review-pending	"Copyright		Copyright (c) Innosilicon Technology Ltd. All Rights Reserved"
drivers/innosrvkm/innodpu_hdmi_audio_api.c	82bd4b4d90343c385444892afedf3871f12a09234b7efa1aae007b0f8fe2612c	dual-mit-gpl	Dual MIT/GPLv2	MIT OR GPL-2.0-only	GPL-COPYING,MIT-COPYING	-	Deepin innogpu-fh2m 20250421190503-debug source payload	imported-unmodified	-	declared-rights-review-pending	"Copyright		Copyright (c) Innosilicon Technology Ltd. All Rights Reserved"
drivers/innosrvkm/innodpu_hdmi_common.c	cac8b952f06227b67f4a9b277942db7145f7f4aa7670eca2f4be9705166850f6	unclassified	no mechanically recognized declaration	NOASSERTION	-	-	Deepin innogpu-fh2m 20250421190503-debug source payload	imported-unmodified	-	blocked-unclassified	-
drivers/innosrvkm/innodpu_hdmi_debugfs.c	2bb177007628fb93d22ec7ead519a4a9d538729a71fe6a2cd8778f63e9451372	dual-mit-gpl	Dual MIT/GPLv2	MIT OR GPL-2.0-only	GPL-COPYING,MIT-COPYING	-	Deepin innogpu-fh2m 20250421190503-debug source payload	imported-unmodified	-	declared-rights-review-pending	"Copyright		Copyright (c) Innosilicon Technology Ltd. All Rights Reserved"
drivers/innosrvkm/innodpu_module_param.c	6e5b53b04f1c54e4c842de3eed93b7ffba8454c1a869723eb9efdf51a82992ee	dual-mit-gpl	Dual MIT/GPLv2	MIT OR GPL-2.0-only	GPL-COPYING,MIT-COPYING	-	Deepin innogpu-fh2m 20250421190503-debug source payload	imported-unmodified	-	declared-rights-review-pending	"Copyright		Copyright (c) Innosilicon Technology Ltd. All Rights Reserved"
drivers/innosrvkm/innodpu_panel_backlight.c	26ce7d5ffd1145c8e1dd621454ee8ce22f4ef15a4d27762fefc880097abfedca	dual-mit-gpl	Dual MIT/GPLv2	MIT OR GPL-2.0-only	GPL-COPYING,MIT-COPYING	-	Deepin innogpu-fh2m 20250421190503-debug source payload	project-modified	patch-001	declared-rights-review-pending	"Copyright		Copyright (c) Innosilicon Technology Ltd. All Rights Reserved"
drivers/innosrvkm/innodpu_panel_pwr.c	3afa247de2bc71ed6e93c1306d4367ce67cb05a1c2fc1f25cf2d4ec50df2c0be	dual-mit-gpl	Dual MIT/GPLv2	MIT OR GPL-2.0-only	GPL-COPYING,MIT-COPYING	-	Deepin innogpu-fh2m 20250421190503-debug source payload	imported-unmodified	-	declared-rights-review-pending	"Copyright		Copyright (c) Innosilicon Technology Ltd. All Rights Reserved"
drivers/innosrvkm/innodpu_parse_edid.c	7c33eb06b931b6efa9f8d8b1b2a4a85feafb4b50f6fa4d685edeea9a02362384	unclassified	no mechanically recognized declaration	NOASSERTION	-	-	Deepin innogpu-fh2m 20250421190503-debug source payload	imported-unmodified	-	blocked-unclassified	-
drivers/innosrvkm/innodpu_pmbus_fpga.c	3bc3423aadc44bf74be58980eeeab2e50c54252c18d2666c224673adb5d66c3a	dual-mit-gpl	Dual MIT/GPLv2	MIT OR GPL-2.0-only	GPL-COPYING,MIT-COPYING	-	Deepin innogpu-fh2m 20250421190503-debug source payload	imported-unmodified	-	declared-rights-review-pending	"Copyright		Copyright (c) Innosilicon Technology Ltd. All Rights Reserved"
drivers/innosrvkm/innodpu_vga.c	8a2d5099c48f23bbe231c1dd641c1133f534521278f1030ce8bced59823d4401	dual-mit-gpl	Dual MIT/GPLv2	MIT OR GPL-2.0-only	GPL-COPYING,MIT-COPYING	-	Deepin innogpu-fh2m 20250421190503-debug source payload	project-modified	patch-001	declared-rights-review-pending	"Copyright		Copyright (c) Innosilicon Technology Ltd. All Rights Reserved"
drivers/innosrvkm/innodpu_vga_debugfs.c	7c7a886f0c5a1cea0277e2e0f0541e4c66bb5975ca71da8673fbe70551466e51	unclassified	no mechanically recognized declaration	NOASSERTION	-	-	Deepin innogpu-fh2m 20250421190503-debug source payload	imported-unmodified	-	blocked-unclassified	-
drivers/innosrvkm/innodpu_vkms.c	28490e32e546c29f0672018c3bedc55514ab490ad04dc6f17aaebe15ef43986b	dual-mit-gpl	Dual MIT/GPLv2	MIT OR GPL-2.0-only	GPL-COPYING,MIT-COPYING	-	Deepin innogpu-fh2m 20250421190503-debug source payload	imported-unmodified	-	declared-rights-review-pending	"Copyright		Copyright (c) Innosilicon Technology Ltd. All Rights Reserved"
drivers/innosrvkm/innogpu_drm.c	e4dbfeac7e07b79e4cce1b69be0c8a91ffdd656eca7ed5de2b73c73c844d6938	dual-mit-gpl	Dual MIT/GPLv2	MIT OR GPL-2.0-only	GPL-COPYING,MIT-COPYING	Dual MIT/GPL	Deepin innogpu-fh2m 20250421190503-debug source payload	project-modified	patch-001	declared-rights-review-pending	"Copyright		Copyright (c) Innosilicon Technology Ltd. All Rights Reserved"
drivers/innosrvkm/pdp0_common.c	4e884bafb1cee836b324a2301ef18fbf8b1161bc5170651124eac0a3ef91ce6c	unclassified	no mechanically recognized declaration	NOASSERTION	-	-	Deepin innogpu-fh2m 20250421190503-debug source payload	imported-unmodified	-	blocked-unclassified	-
drivers/innosrvkm/pdp0_crtc.c	683ae7ae53eb8084e1b3226b04234150c6fc3afc09f7b13352a437f81e13ff95	dual-mit-gpl	Dual MIT/GPLv2	MIT OR GPL-2.0-only	GPL-COPYING,MIT-COPYING	-	Deepin innogpu-fh2m 20250421190503-debug source payload	project-modified	patch-026	declared-rights-review-pending	"Copyright		Copyright (c) Innosilicon Technology Ltd. All Rights Reserved"
drivers/innosrvkm/pdp0_drv.c	448b72f2f500578f2f4288fd053b0741ea8d39f1554f2db0ea6eab87e0f736a8	dual-mit-gpl	Dual MIT/GPLv2	MIT OR GPL-2.0-only	GPL-COPYING,MIT-COPYING	-	Deepin innogpu-fh2m 20250421190503-debug source payload	imported-unmodified	-	declared-rights-review-pending	"Copyright		Copyright (c) Innosilicon Technology Ltd. All Rights Reserved"
drivers/innosrvkm/pdp0_plane.c	0546c1e46aaaeee299cad4ad8258a4315de2603479941d5ef065c667488f96d2	dual-mit-gpl	Dual MIT/GPLv2	MIT OR GPL-2.0-only	GPL-COPYING,MIT-COPYING	-	Deepin innogpu-fh2m 20250421190503-debug source payload	imported-unmodified	-	declared-rights-review-pending	"Copyright		Copyright (c) Innosilicon Technology Ltd. All Rights Reserved"
drivers/innosrvkm/pvr_bridge_k.c	849504ec67f7e35753d58b54526df77f5c7b8c81e887a58ae0fa739f91d9f20c	dual-mit-gpl	Dual MIT/GPLv2	MIT OR GPL-2.0-only	GPL-COPYING,MIT-COPYING	-	Deepin innogpu-fh2m 20250421190503-debug source payload	imported-unmodified	-	declared-rights-review-pending	Copyright      Copyright (c) Imagination Technologies Ltd. All Rights Reserved
drivers/innosrvkm/pvr_buffer_sync.c	060e57af6cb2d352741827d30cd934bc71f93ef6e28624b56963879068bbcaef	dual-mit-gpl	Dual MIT/GPLv2	MIT OR GPL-2.0-only	GPL-COPYING,MIT-COPYING	-	Deepin innogpu-fh2m 20250421190503-debug source payload	imported-unmodified	-	declared-rights-review-pending	Copyright   Copyright (c) Imagination Technologies Ltd. All Rights Reserved
drivers/innosrvkm/pvr_counting_timeline.c	32a3d85331a0141c84801678f20e154925cfb4b97de387f4c6bfa78eb72c9da2	dual-mit-gpl	Dual MIT/GPLv2	MIT OR GPL-2.0-only	GPL-COPYING,MIT-COPYING	-	Deepin innogpu-fh2m 20250421190503-debug source payload	imported-unmodified	-	declared-rights-review-pending	Copyright   Copyright (c) Imagination Technologies Ltd. All Rights Reserved
drivers/innosrvkm/pvr_debugfs.c	67d98f4a1439171077d7b8cee38447f30db0e69d7dd7eb145732a51a23fe6701	dual-mit-gpl	Dual MIT/GPLv2	MIT OR GPL-2.0-only	GPL-COPYING,MIT-COPYING	-	Deepin innogpu-fh2m 20250421190503-debug source payload	imported-unmodified	-	declared-rights-review-pending	Copyright      Copyright (c) Imagination Technologies Ltd. All Rights Reserved
drivers/innosrvkm/pvr_drm.c	b030c1b5f7d75f33f6e08414808f4bf905d9fd3f0c8ae6ff7f3de59890d34f5d	dual-mit-gpl	Dual MIT/GPLv2	MIT OR GPL-2.0-only	GPL-COPYING,MIT-COPYING	-	Deepin innogpu-fh2m 20250421190503-debug source payload	project-modified	patch-001	declared-rights-review-pending	Copyright   Copyright (c) Imagination Technologies Ltd. All Rights Reserved | Copyright (c) Innosilicon Technology Ltd. All Rights Reserved
drivers/innosrvkm/pvr_dvfs_device.c	9d4a1b2a6b1be792abbe3c6caada716d15b0bbd0a2e4bf7c73a7f5a0f7397114	dual-mit-gpl	Dual MIT/GPLv2	MIT OR GPL-2.0-only	GPL-COPYING,MIT-COPYING	-	Deepin innogpu-fh2m 20250421190503-debug source payload	imported-unmodified	-	declared-rights-review-pending	Copyright      Copyright (c) Imagination Technologies Ltd. All Rights Reserved
drivers/innosrvkm/pvr_export_fence.c	c76eef620c332fc29be657ad336772c027eee329dfb0ffa636a01625946786e2	dual-mit-gpl	Dual MIT/GPLv2	MIT OR GPL-2.0-only	GPL-COPYING,MIT-COPYING	-	Deepin innogpu-fh2m 20250421190503-debug source payload	imported-unmodified	-	declared-rights-review-pending	Copyright   Copyright (c) Imagination Technologies Ltd. All Rights Reserved
drivers/innosrvkm/pvr_fence.c	a5454dac442552056133a5ac19a3d11a7cac59f46d9ebea05b9dde764c7c8b85	dual-mit-gpl	Dual MIT/GPLv2	MIT OR GPL-2.0-only	GPL-COPYING,MIT-COPYING	-	Deepin innogpu-fh2m 20250421190503-debug source payload	imported-unmodified	-	declared-rights-review-pending	Copyright   Copyright (c) Imagination Technologies Ltd. All Rights Reserved | Copyright (c) Innosilicon Technology Ltd. All Rights Reserved
drivers/innosrvkm/pvr_gputrace.c	be87d2bd653ba4cda1b04f01202d9f202625aa74059d75d79b17fd47bb72259a	dual-mit-gpl	Dual MIT/GPLv2	MIT OR GPL-2.0-only	GPL-COPYING,MIT-COPYING	-	Deepin innogpu-fh2m 20250421190503-debug source payload	imported-unmodified	-	declared-rights-review-pending	Copyright      Copyright (c) Imagination Technologies Ltd. All Rights Reserved | Copyright (c) Innosilicon Technology Ltd. All Rights Reserved
drivers/innosrvkm/pvr_platform_drv.c	bc15342af58c2aea3cdecae99785a1838823a58bac56689c52cc74faeff0888e	unclassified	no mechanically recognized declaration	NOASSERTION	-	-	Deepin innogpu-fh2m 20250421190503-debug source payload	imported-unmodified	-	blocked-unclassified	-
drivers/innosrvkm/pvr_procfs.c	5695f01f576a7820b1196a0a29da02080bdb4d1299e8a5b256213b0683f4eaf3	dual-mit-gpl	Dual MIT/GPLv2	MIT OR GPL-2.0-only	GPL-COPYING,MIT-COPYING	-	Deepin innogpu-fh2m 20250421190503-debug source payload	imported-unmodified	-	declared-rights-review-pending	Copyright      Copyright (c) Imagination Technologies Ltd. All Rights Reserved
drivers/innosrvkm/pvr_sw_fence.c	ffbf61b1cc68c01a9f5e27f2f29f6f6f0fd6003e16463e0ad098720a4f177405	dual-mit-gpl	Dual MIT/GPLv2	MIT OR GPL-2.0-only	GPL-COPYING,MIT-COPYING	-	Deepin innogpu-fh2m 20250421190503-debug source payload	imported-unmodified	-	declared-rights-review-pending	Copyright   Copyright (c) Imagination Technologies Ltd. All Rights Reserved
drivers/innosrvkm/pvr_sync_file.c	2031641cf21ec47a59dfcb4959e2309db4a25d82609547cae9156982411a3f72	dual-mit-gpl	Dual MIT/GPLv2	MIT OR GPL-2.0-only	GPL-COPYING,MIT-COPYING	-	Deepin innogpu-fh2m 20250421190503-debug source payload	imported-unmodified	-	declared-rights-review-pending	Copyright   Copyright (c) Imagination Technologies Ltd. All Rights Reserved
drivers/innosrvkm/pvr_sync_ioctl_common.c	ee78a8df77e823381248358a83380a476a9ec4efe50f3a4c87c534ad21f8f9e3	dual-mit-gpl	Dual MIT/GPLv2	MIT OR GPL-2.0-only	GPL-COPYING,MIT-COPYING	-	Deepin innogpu-fh2m 20250421190503-debug source payload	imported-unmodified	-	declared-rights-review-pending	Copyright   Copyright (c) Imagination Technologies Ltd. All Rights Reserved
drivers/innosrvkm/pvr_sync_ioctl_drm.c	9caceef21f88357f415361a441050e31419d0f671c6c1e83223c717cbae1afe1	dual-mit-gpl	Dual MIT/GPLv2	MIT OR GPL-2.0-only	GPL-COPYING,MIT-COPYING	-	Deepin innogpu-fh2m 20250421190503-debug source payload	imported-unmodified	-	declared-rights-review-pending	Copyright   Copyright (c) Imagination Technologies Ltd. All Rights Reserved
drivers/innosrvkm/trace_events.c	12c133631948773a4e40cea6fd2eea828a184263dade7550713705ceb61787fb	dual-mit-gpl	Dual MIT/GPLv2	MIT OR GPL-2.0-only	GPL-COPYING,MIT-COPYING	-	Deepin innogpu-fh2m 20250421190503-debug source payload	imported-unmodified	-	declared-rights-review-pending	Copyright      Copyright (c) Imagination Technologies Ltd. All Rights Reserved
drivers/innovpu/Makefile	b8ec8ec23f0da72e5eed8822152f82c839ddf84b42dc32867d87d540873c97dd	unclassified	no mechanically recognized declaration	NOASSERTION	-	-	Deepin innogpu-fh2m 20250421190503-debug source payload	imported-unmodified	-	blocked-unclassified	-
drivers/innovpu/innovpu.h	5d558a2abe28fd250e866dd5c41e71d40809d65ec5fa642a5b6d3f6db931721b	dual-mit-gpl	Dual MIT/GPLv2	MIT OR GPL-2.0-only	GPL-COPYING,MIT-COPYING	-	Deepin innogpu-fh2m 20250421190503-debug source payload	imported-unmodified	-	declared-rights-review-pending	"Copyright		Copyright (c) Innosilicon Technology Ltd. All Rights Reserved"
drivers/innovpu/innovpu_common.h	60417692075cb03925dcfd00dd64f5504d5e82ef839a00f593a2f318771567ca	dual-mit-gpl	Dual MIT/GPLv2	MIT OR GPL-2.0-only	GPL-COPYING,MIT-COPYING	-	Deepin innogpu-fh2m 20250421190503-debug source payload	imported-unmodified	-	declared-rights-review-pending	"Copyright		Copyright (c) Innosilicon Technology Ltd. All Rights Reserved"
drivers/innovpu/innovpu_dmabuf.c	43a0d73ab0b6e6bad70a972c546bd2d566077e0b89bc48ee85670586465ffb1d	dual-mit-gpl	Dual MIT/GPLv2	MIT OR GPL-2.0-only	GPL-COPYING,MIT-COPYING	-	Deepin innogpu-fh2m 20250421190503-debug source payload	imported-unmodified	-	declared-rights-review-pending	"Copyright		Copyright (c) Innosilicon Technology Ltd. All Rights Reserved"
drivers/innovpu/innovpu_dmabuf.h	699a8cb7e20936ae872af78e97c43dc87f803f8b39f21146bfe98bd6025b8e1d	dual-mit-gpl	Dual MIT/GPLv2	MIT OR GPL-2.0-only	GPL-COPYING,MIT-COPYING	-	Deepin innogpu-fh2m 20250421190503-debug source payload	imported-unmodified	-	declared-rights-review-pending	"Copyright		Copyright (c) Innosilicon Technology Ltd. All Rights Reserved"
drivers/innovpu/innovpu_drv.c	9dcd8de959cfccdb94c9969302992446f0bc450e8e316903c11bf985fca128f8	dual-mit-gpl	Dual MIT/GPLv2	MIT OR GPL-2.0-only	GPL-COPYING,MIT-COPYING	Dual BSD/GPL	Deepin innogpu-fh2m 20250421190503-debug source payload	project-modified	patch-001	blocked-declaration-conflict	"Copyright		Copyright (c) Innosilicon Technology Ltd. All Rights Reserved"
drivers/innovpu/innovpu_drv.h	d41b170753516b30a26b60b2ee6065e74473d90e66cf80458b282a3dc1878f8f	dual-mit-gpl	Dual MIT/GPLv2	MIT OR GPL-2.0-only	GPL-COPYING,MIT-COPYING	-	Deepin innogpu-fh2m 20250421190503-debug source payload	imported-unmodified	-	declared-rights-review-pending	"Copyright		Copyright (c) Innosilicon Technology Ltd. All Rights Reserved"
drivers/innovpu/innovpu_for_umd.h	c4233d9fd166f924dd6ef26ae60c1740e12c7ea66840aa6e47ed54bbc0e30a0d	dual-mit-gpl	Dual MIT/GPLv2	MIT OR GPL-2.0-only	GPL-COPYING,MIT-COPYING	-	Deepin innogpu-fh2m 20250421190503-debug source payload	imported-unmodified	-	declared-rights-review-pending	"Copyright		Copyright (c) Innosilicon Technology Ltd. All Rights Reserved"
drivers/innovpu/innovpu_internal.h	278d1e08dd2add5e972ee27d5ab9cea8f1af05ae9decd3fdc6b06d906a0d57b4	dual-mit-gpl	Dual MIT/GPLv2	MIT OR GPL-2.0-only	GPL-COPYING,MIT-COPYING	-	Deepin innogpu-fh2m 20250421190503-debug source payload	imported-unmodified	-	declared-rights-review-pending	"Copyright		Copyright (c) Innosilicon Technology Ltd. All Rights Reserved"
drivers/modules_config.sh	03d93e73e9ecb89f4b6d1b6075ad47e99e253c675e606bce197a5f685bece506	unclassified	no mechanically recognized declaration	NOASSERTION	-	-	Deepin innogpu-fh2m 20250421190503-debug source payload	imported-unmodified	-	blocked-unclassified	-
drivers/test_item.sh	8318c409b955fcb5778068949576f5cf3a1337cf8577661c1d18f432c0bcd15d	unclassified	no mechanically recognized declaration	NOASSERTION	-	-	Deepin innogpu-fh2m 20250421190503-debug source payload	imported-unmodified	-	blocked-unclassified	-
drivers/tools/Makefile	06514978661721ddf07fbb5d0f83fc4d382b666b51c3bd632fbf9f12bc6d42de	dual-mit-gpl	Dual MIT/GPLv2	MIT OR GPL-2.0-only	GPL-COPYING,MIT-COPYING	-	Deepin innogpu-fh2m 20250421190503-debug source payload	imported-unmodified	-	declared-rights-review-pending	Copyright     Copyright (c) Innosilicon Technology Ltd. All Rights Reserved
drivers/tools/gpu_info/gpu_info.c	6bf5b3d640cd7cd8d0b8b92bedc5000444d69025fea2c0acd47577f4ddc92fe2	dual-mit-gpl	Dual MIT/GPLv2	MIT OR GPL-2.0-only	GPL-COPYING,MIT-COPYING	Dual MIT/GPL	Deepin innogpu-fh2m 20250421190503-debug source payload	imported-unmodified	-	declared-rights-review-pending	Copyright      Copyright (c) Innosilicon Technology Ltd. All Rights Reserved
drivers/tools/gpu_info/gpu_info.h	c92da81b33bf90b7c0f2ca33b1f29c372b686097e12805bf29141842a64671b6	dual-mit-gpl	Dual MIT/GPLv2	MIT OR GPL-2.0-only	GPL-COPYING,MIT-COPYING	-	Deepin innogpu-fh2m 20250421190503-debug source payload	imported-unmodified	-	declared-rights-review-pending	Copyright      Copyright (c) Innosilicon Technology Ltd. All Rights Reserved
drivers/tools/gpu_info/gpu_info_innoml.c	10da7689f617dd914eb2322aad65307901c7c28a7d79b1087efcb7262b72e787	unclassified	no mechanically recognized declaration	NOASSERTION	-	-	Deepin innogpu-fh2m 20250421190503-debug source payload	imported-unmodified	-	blocked-unclassified	-
drivers/tools/gpu_info/gpu_info_innoml.h	57ce1779ba342d6ee52b5796e3367efde5d4e608435a3df6fffc63ee7f3cf533	unclassified	no mechanically recognized declaration	NOASSERTION	-	-	Deepin innogpu-fh2m 20250421190503-debug source payload	imported-unmodified	-	blocked-unclassified	-
drivers/tools/gpu_info/gpu_info_innoml_km.h	2682242531988c55bd103a959fb04a5be0c41fb7be5102e9e6d2394e07ee82b2	unclassified	no mechanically recognized declaration	NOASSERTION	-	-	Deepin innogpu-fh2m 20250421190503-debug source payload	imported-unmodified	-	blocked-unclassified	-
drivers/tools/gpu_info/gpu_info_y8.c	9fd7a1776d73367bd0545c30f1f82fde7160d9cd8f17bbaf109b88e28c199c9a	dual-mit-gpl	Dual MIT/GPLv2	MIT OR GPL-2.0-only	GPL-COPYING,MIT-COPYING	-	Deepin innogpu-fh2m 20250421190503-debug source payload	imported-unmodified	-	declared-rights-review-pending	Copyright      Copyright (c) Innosilicon Technology Ltd. All Rights Reserved
drivers/tools/gpu_info/gpu_info_y8.h	36640b26cf0be95d13b05b0671967c259c67cccced951ac3be506b93c2a4788c	dual-mit-gpl	Dual MIT/GPLv2	MIT OR GPL-2.0-only	GPL-COPYING,MIT-COPYING	-	Deepin innogpu-fh2m 20250421190503-debug source payload	imported-unmodified	-	declared-rights-review-pending	Copyright      Copyright (c) Innosilicon Technology Ltd. All Rights Reserved
drivers/tools/gpu_info/kgc_gpu_info.c	6a49191d33283954f04bc6eb0c97ffe06d5efd485b73c2a1ad169c5bcb4abc76	unclassified	no mechanically recognized declaration	NOASSERTION	-	-	Deepin innogpu-fh2m 20250421190503-debug source payload	imported-unmodified	-	blocked-unclassified	-
drivers/tools/gpu_info/kgc_gpu_info.h	057ab4aaac7684f7c74b3eb60b647d4b98d7150c9fdd54271a61ac1b0921dd58	unclassified	no mechanically recognized declaration	NOASSERTION	-	-	Deepin innogpu-fh2m 20250421190503-debug source payload	imported-unmodified	-	blocked-unclassified	-
drivers/tools/kernel_api_support_test/Makefile	2d950d48bdf463b8775653e84a39bec934621e229ce1556b026b8e1812d2886c	dual-mit-gpl	Dual MIT/GPLv2	MIT OR GPL-2.0-only	GPL-COPYING,MIT-COPYING	-	Deepin innogpu-fh2m 20250421190503-debug source payload	imported-unmodified	-	declared-rights-review-pending	Copyright     Copyright (c) Innosilicon Technology Ltd. All Rights Reserved
drivers/tools/kernel_api_support_test/kernel_api_support_test.c	ead62b77d5503f3808fbdd7ddfca7cdb16f93bc7df9940f0c5936b20e411e488	unclassified	no mechanically recognized declaration	NOASSERTION	-	GPL	Deepin innogpu-fh2m 20250421190503-debug source payload	imported-unmodified	-	blocked-unclassified	-
