d	DEBIAN		0755			
f	DEBIAN/control	573	0644	f4f4edfd729eab57e005060f3b9bec1b54b2df5d620184bbfaad69e4679bfa15	ff90597a36c138d94ed1b9d4a0354e41	
f	DEBIAN/md5sums	56421	0644	f282a3f010d4a7c97a4c13b1416d0ac3aa38ba1a803d8b1730f44cafe45dd7f6	fb8d1a715c4c8119202db9dde0864eac	
f	DEBIAN/postinst	6753	0755	431f7fceba04b2b5b5a619fa07a20624ba85adbf721c93b7b06c02d0ced3dd89	76de32c4d0e4fbe6b981618a0179229b	
f	DEBIAN/postrm	1719	0755	04d5816c8b6660ba1264c692620fb5d2f8ff72633f76dc32992097196905b3c3	b6230e0641731b51882c6e9c1938aea1	
f	DEBIAN/prerm	1850	0755	2b08bb5c98aaab4f4231c7fbb384b1e77e0432d0aa7d58e7a6b7d1971217d03f	508df80ff5a363f1635ac06929d01100	
d	etc		0755			
d	etc/OpenCL		0755			
d	etc/OpenCL/vendors		0755			
f	etc/OpenCL/vendors/FANT_fh2m.icd	17	0644	af2e9eca4585267379ee3e07192236302305076782361803f961b546ec2335a6	4225182133ecace26ec4dbd1297ef433	
d	etc/cdi		0755			
f	etc/cdi/fantgpu-fh2m.yaml	26022	0644	71bddf7823edd3b033505d329213984b51fc1084438d6d9cc7a390bed27de2da	85e4ca058fa09e77a765e7cf9d4c36b4	
d	etc/modprobe.d		0755			
f	etc/modprobe.d/blacklist-fh2m.conf	111	0755	9a0ff5bf6812c785a4537e9bcdd00c458bbac0bfb7a3888b268f68e8adc49b81	73f68284b5b8bbf8d2bd4fbed889c856	
d	etc/vulkan		0755			
d	etc/vulkan/icd.d		0755			
f	etc/vulkan/icd.d/fh2m_conf.json	137	0644	62f13a4f1eff74bcd9deb45afdb015f96f4f4cfc8beffed84d479ae2cfe8dce1	554e542fa8db188011f522d2002add46	
d	lib		0755			
d	lib/firmware		0755			
d	lib/firmware/fantgpu		0755			
d	lib/firmware/fantgpu/fh2m		0755			
f	lib/firmware/fantgpu/fh2m/fh2c.fw	139264	0644	9604363034d0f2a73fa200aca3a5161c9055cc0bc65df88093da1e5244a59d8e	3dcff8c0a048c391283a98daeeb9944e	
f	lib/firmware/fantgpu/fh2m/fh2c.sh	534316	0644	f2b0ead7edb7f06486e25b12534969f321cd28bdaf4b784b42f3c48221a6d0e5	935e9d4fe39c50cd31faedeeb638982e	
f	lib/firmware/fantgpu/fh2m/fh2m.fw	135168	0644	8d39a4056ea1e12443cbe5701db4e84940875a0bf1c29c62d293c61704a5ada3	ae3ec3adb2ef51b727d91cb13bbec296	
f	lib/firmware/fantgpu/fh2m/fh2m.sh	534316	0644	f2b0ead7edb7f06486e25b12534969f321cd28bdaf4b784b42f3c48221a6d0e5	935e9d4fe39c50cd31faedeeb638982e	
d	opt		0755			
d	opt/fantgpu-fh2m		0755			
d	opt/fantgpu-fh2m/lib		0755			
d	opt/fantgpu-fh2m/lib/systemd		0755			
d	opt/fantgpu-fh2m/lib/systemd/system		0755			
f	opt/fantgpu-fh2m/lib/systemd/system/sw-fant-gl.service	215	0755	2589151ea20e6c67bd3e24f5a71eb1cdb1e1d4b0ed22a65c1da8317f290117e9	cd3590a6221d2e699ea7f86c65a71d2f	
d	opt/fantgpu-fh2m/usr		0755			
d	opt/fantgpu-fh2m/usr/lib		0755			
d	opt/fantgpu-fh2m/usr/lib/i386-linux-gnu		0755			
d	opt/fantgpu-fh2m/usr/lib/i386-linux-gnu/fantgpu-fh2m		0755			
l	opt/fantgpu-fh2m/usr/lib/i386-linux-gnu/fantgpu-fh2m/libffi.so		0777			libffi.so.8.1.3
l	opt/fantgpu-fh2m/usr/lib/i386-linux-gnu/fantgpu-fh2m/libffi.so.8		0777			libffi.so.8.1.3
f	opt/fantgpu-fh2m/usr/lib/i386-linux-gnu/fantgpu-fh2m/libffi.so.8.1.3	68132	0755	e56d2a8975413b6a2bf385672e62675d89d80d72775fc30228cfbf5045ff40ea	7f04f916e661d17769e01d25138f9733	
l	opt/fantgpu-fh2m/usr/lib/i386-linux-gnu/fantgpu-fh2m/libwayland-client.so		0777			libwayland-client.so.0
l	opt/fantgpu-fh2m/usr/lib/i386-linux-gnu/fantgpu-fh2m/libwayland-client.so.0		0777			libwayland-client.so.0.22.0
f	opt/fantgpu-fh2m/usr/lib/i386-linux-gnu/fantgpu-fh2m/libwayland-client.so.0.22.0	63536	0755	9c1d4a3a8500d1c8acce5a660eb2c5bf914e9de8aa9e516410cf7690e9fa0e0a	5014349775984f90eb768ce1d0fe6141	
d	opt/fantgpu-fh2m/usr/lib/x86_64-linux-gnu		0755			
d	opt/fantgpu-fh2m/usr/lib/x86_64-linux-gnu/fantgpu-fh2m		0755			
l	opt/fantgpu-fh2m/usr/lib/x86_64-linux-gnu/fantgpu-fh2m/libffi.so		0777			libffi.so.8.1.3
l	opt/fantgpu-fh2m/usr/lib/x86_64-linux-gnu/fantgpu-fh2m/libffi.so.8		0777			libffi.so.8.1.3
f	opt/fantgpu-fh2m/usr/lib/x86_64-linux-gnu/fantgpu-fh2m/libffi.so.8.1.3	87512	0755	5a96aba9c2036edcf621b8e25c3d8742c3786e3797b05f5b582fb13b9092b266	3e85b3388363608f8c7716df4a877e10	
l	opt/fantgpu-fh2m/usr/lib/x86_64-linux-gnu/fantgpu-fh2m/libwayland-client.so		0777			libwayland-client.so.0
l	opt/fantgpu-fh2m/usr/lib/x86_64-linux-gnu/fantgpu-fh2m/libwayland-client.so.0		0777			libwayland-client.so.0.22.0
f	opt/fantgpu-fh2m/usr/lib/x86_64-linux-gnu/fantgpu-fh2m/libwayland-client.so.0.22.0	73080	0755	bbce1ecc8f18a94f05f76527d49efe83102634a911eabeb4ba3051e530fec7e3	150d58f299132e6eeb8e9301dacd8783	
d	opt/fantgpu-fh2m/usr/lib/xorg		0755			
d	opt/fantgpu-fh2m/usr/lib/xorg/modules		0755			
d	opt/fantgpu-fh2m/usr/lib/xorg/modules/drivers		0755			
f	opt/fantgpu-fh2m/usr/lib/xorg/modules/drivers/fh2m_drv.so.1.19	420872	0755	e43aea995c8fc34ca846e1bedf0a8eee0f5fd23f2a57dcd9b8aca7d0ffbefe84	2e2e5f480e04b6285f195563b8a87e9e	
f	opt/fantgpu-fh2m/usr/lib/xorg/modules/drivers/fh2m_drv.so.1.20	429224	0755	343dcf9d4dae0f46d57ae54cacaa45565944a8bd117487cd0abfdf30ba5ce004	afa4bc9af3ffd5ee2c88e06011528075	
f	opt/fantgpu-fh2m/usr/lib/xorg/modules/drivers/fh2m_drv.so.1.21	429224	0755	a560642468d400c870f106555f0203fd255a6ae6639734fc13628d61579ac910	4719aad819050344d3171933ca5a7eca	
d	opt/fantgpu-fh2m/usr/sbin		0755			
f	opt/fantgpu-fh2m/usr/sbin/sw-fant-gl	2627	0755	889ed8990674f058a7f20a6458356d87034000ea8542fbd7441ad5d13853a9f1	207152eb221044fde265d2dcb58ea872	
d	opt/fantgpu-fh2m/usr/share		0755			
d	opt/fantgpu-fh2m/usr/share/alsa		0755			
d	opt/fantgpu-fh2m/usr/share/alsa/ucm		0755			
d	opt/fantgpu-fh2m/usr/share/alsa/ucm/FantasyCard		0755			
f	opt/fantgpu-fh2m/usr/share/alsa/ucm/FantasyCard/Dp	358	0755	57c0e0a4ad7884a1dcc6ae87963cb5ddb20889ae305b02cb8d82396d27c4c295	05d675560b46ca2e589cc7c52eb16c51	
f	opt/fantgpu-fh2m/usr/share/alsa/ucm/FantasyCard/FantasyCard.conf	230	0755	9f6a71ac11bee5a69141a6aa085f9aa35b47b01e2de3ed7947065b11c3b951d4	813c4a33ebf6ce5ddfe839f090b8d73b	
f	opt/fantgpu-fh2m/usr/share/alsa/ucm/FantasyCard/Hdmi	368	0755	6f59aaab848d8661edb11253279453f1d16275a3e4fc990d5ca3c988926f4671	a83dfb8549c83c2630186101c46b25fc	
d	opt/fantgpu-fh2m/usr/share/alsa/ucm/FantasyCard0-DP0		0755			
d	opt/fantgpu-fh2m/usr/share/alsa/ucm/FantasyCard0-DP0-HDMI0		0755			
d	opt/fantgpu-fh2m/usr/share/alsa/ucm/FantasyCard0-DP0-HDMI0-DP1		0755			
f	opt/fantgpu-fh2m/usr/share/alsa/ucm/FantasyCard0-DP0-HDMI0-DP1/Dp	312	0755	426ade20246f654ed8f22ddc5ccc39f47cfa77df0e55544e63e79be807ad7e4b	b2a45a48f9ff3433f506a582fa09c431	
f	opt/fantgpu-fh2m/usr/share/alsa/ucm/FantasyCard0-DP0-HDMI0-DP1/Dp1	312	0755	e4b3e7dd9aff4b16cd1c1fede9204d6d1fdccf6bafb5434a5a201bed467a1fcc	fd7906537f23bfdf8a9668b159df3b28	
f	opt/fantgpu-fh2m/usr/share/alsa/ucm/FantasyCard0-DP0-HDMI0-DP1/FantasyCard0-DP0-HDMI0-DP1.conf	279	0755	d862d1a9befb0943759fafc246a95bc984df29d504d53c422365e4d246f7f63b	77bc046e33d26c109c2c0de7e361f93c	
f	opt/fantgpu-fh2m/usr/share/alsa/ucm/FantasyCard0-DP0-HDMI0-DP1/Hdmi0	322	0755	7fd6aa078a6d8a7d17ae14094cc01fee26c4d6f2528eeabb9789ffa9a526da62	6414b4f7d16a1dbc0ba6aa631f10c42d	
d	opt/fantgpu-fh2m/usr/share/alsa/ucm/FantasyCard0-DP0-HDMI0-HDMI1		0755			
f	opt/fantgpu-fh2m/usr/share/alsa/ucm/FantasyCard0-DP0-HDMI0-HDMI1/Dp	312	0755	426ade20246f654ed8f22ddc5ccc39f47cfa77df0e55544e63e79be807ad7e4b	b2a45a48f9ff3433f506a582fa09c431	
f	opt/fantgpu-fh2m/usr/share/alsa/ucm/FantasyCard0-DP0-HDMI0-HDMI1/FantasyCard0-DP0-HDMI0-HDMI1.conf	285	0755	ce39421c88521722400709bc13fad4514d0a58020a2e012171a08f24eec62fd4	60799db71285bcf6923a0317e0954b62	
f	opt/fantgpu-fh2m/usr/share/alsa/ucm/FantasyCard0-DP0-HDMI0-HDMI1/Hdmi0	322	0755	7fd6aa078a6d8a7d17ae14094cc01fee26c4d6f2528eeabb9789ffa9a526da62	6414b4f7d16a1dbc0ba6aa631f10c42d	
f	opt/fantgpu-fh2m/usr/share/alsa/ucm/FantasyCard0-DP0-HDMI0-HDMI1/Hdmi1	322	0755	afe7c6c5c98456f7f106eb6711a83e34f1f99ba83653683ef482cf977a90aa02	c1eede1dd79a9e820e3887c2a0640999	
f	opt/fantgpu-fh2m/usr/share/alsa/ucm/FantasyCard0-DP0-HDMI0/Dp	312	0755	426ade20246f654ed8f22ddc5ccc39f47cfa77df0e55544e63e79be807ad7e4b	b2a45a48f9ff3433f506a582fa09c431	
f	opt/fantgpu-fh2m/usr/share/alsa/ucm/FantasyCard0-DP0-HDMI0/FantasyCard0-DP0-HDMI0.conf	218	0755	1d4d9823c42e2bdaddc68ebb3dc4000ac42336641a92e04948dbdaee5679246b	9ef7abe1ae9e93b8412eb30730c02bb7	
f	opt/fantgpu-fh2m/usr/share/alsa/ucm/FantasyCard0-DP0-HDMI0/Hdmi0	322	0755	7fd6aa078a6d8a7d17ae14094cc01fee26c4d6f2528eeabb9789ffa9a526da62	6414b4f7d16a1dbc0ba6aa631f10c42d	
d	opt/fantgpu-fh2m/usr/share/alsa/ucm/FantasyCard0-DP0-HDMI1		0755			
f	opt/fantgpu-fh2m/usr/share/alsa/ucm/FantasyCard0-DP0-HDMI1/Dp	312	0755	426ade20246f654ed8f22ddc5ccc39f47cfa77df0e55544e63e79be807ad7e4b	b2a45a48f9ff3433f506a582fa09c431	
f	opt/fantgpu-fh2m/usr/share/alsa/ucm/FantasyCard0-DP0-HDMI1/FantasyCard0-DP0-HDMI1.conf	218	0755	be1a481cf6fd31ad24466386f78fd6e21eb90db0ccf14a103dd8a3df763a8c27	c0144fe7b4373bfa86e69ba489b4f193	
f	opt/fantgpu-fh2m/usr/share/alsa/ucm/FantasyCard0-DP0-HDMI1/Hdmi1	322	0755	3242e7167bb764d88bf335e03404aae7501036b7ddac233b9603210cb33caf9a	27de89034633175e4e5d07e034eedfb2	
f	opt/fantgpu-fh2m/usr/share/alsa/ucm/FantasyCard0-DP0/Dp	312	0755	426ade20246f654ed8f22ddc5ccc39f47cfa77df0e55544e63e79be807ad7e4b	b2a45a48f9ff3433f506a582fa09c431	
f	opt/fantgpu-fh2m/usr/share/alsa/ucm/FantasyCard0-DP0/FantasyCard0-DP0.conf	151	0755	09821c20c93e35106bc1a6f93b6f6920e8620e71e74a85a5a9b47d701e596c77	fb68a1cb5aaf83b55c83537997684882	
d	opt/fantgpu-fh2m/usr/share/alsa/ucm/FantasyCard0-DP2HDMI0-HDMI0		0755			
f	opt/fantgpu-fh2m/usr/share/alsa/ucm/FantasyCard0-DP2HDMI0-HDMI0/Dp	334	0755	7f1ca24271257de9530f75c0a6f25efd1ad6d61ca843ebc716a2cddcc32bcdb6	d0700cb6218fdf6634edceb0dee30b8b	
f	opt/fantgpu-fh2m/usr/share/alsa/ucm/FantasyCard0-DP2HDMI0-HDMI0/FantasyCard0-DP2HDMI0-HDMI0.conf	218	0755	1d4d9823c42e2bdaddc68ebb3dc4000ac42336641a92e04948dbdaee5679246b	9ef7abe1ae9e93b8412eb30730c02bb7	
f	opt/fantgpu-fh2m/usr/share/alsa/ucm/FantasyCard0-DP2HDMI0-HDMI0/Hdmi0	322	0755	2346a2b3e0753d8841342385af9f998190d6d713d6b3e73eda87343ffe34029b	e26f455ac40fd8a1e3bd79eeb906e7e1	
d	opt/fantgpu-fh2m/usr/share/alsa/ucm/FantasyCard0-HDMI0		0755			
d	opt/fantgpu-fh2m/usr/share/alsa/ucm/FantasyCard0-HDMI0-DP0		0755			
f	opt/fantgpu-fh2m/usr/share/alsa/ucm/FantasyCard0-HDMI0-DP0/Dp	312	0755	426ade20246f654ed8f22ddc5ccc39f47cfa77df0e55544e63e79be807ad7e4b	b2a45a48f9ff3433f506a582fa09c431	
f	opt/fantgpu-fh2m/usr/share/alsa/ucm/FantasyCard0-HDMI0-DP0/FantasyCard0-HDMI0-DP0.conf	215	0755	9989bba16719a0a9747f9c5c1ffcb3cdcc0599b125e217be9138108ef9c569cf	6cb0153eade9ce3ac70bf85bf406e23e	
f	opt/fantgpu-fh2m/usr/share/alsa/ucm/FantasyCard0-HDMI0-DP0/Hdmi	322	0755	7fd6aa078a6d8a7d17ae14094cc01fee26c4d6f2528eeabb9789ffa9a526da62	6414b4f7d16a1dbc0ba6aa631f10c42d	
d	opt/fantgpu-fh2m/usr/share/alsa/ucm/FantasyCard0-HDMI0-DP1		0755			
f	opt/fantgpu-fh2m/usr/share/alsa/ucm/FantasyCard0-HDMI0-DP1/Dp	312	0755	6cba4d923091fcdfcc7a4b4400717abe17749ab8aa50cca2b24db20e223c176f	da824de6ad10b46a28577a5bc79176f7	
f	opt/fantgpu-fh2m/usr/share/alsa/ucm/FantasyCard0-HDMI0-DP1/FantasyCard0-HDMI0-DP1.conf	215	0755	9989bba16719a0a9747f9c5c1ffcb3cdcc0599b125e217be9138108ef9c569cf	6cb0153eade9ce3ac70bf85bf406e23e	
f	opt/fantgpu-fh2m/usr/share/alsa/ucm/FantasyCard0-HDMI0-DP1/Hdmi	322	0755	7fd6aa078a6d8a7d17ae14094cc01fee26c4d6f2528eeabb9789ffa9a526da62	6414b4f7d16a1dbc0ba6aa631f10c42d	
d	opt/fantgpu-fh2m/usr/share/alsa/ucm/FantasyCard0-HDMI0-HDMI1		0755			
d	opt/fantgpu-fh2m/usr/share/alsa/ucm/FantasyCard0-HDMI0-HDMI1-DP0		0755			
f	opt/fantgpu-fh2m/usr/share/alsa/ucm/FantasyCard0-HDMI0-HDMI1-DP0/Dp	312	0755	426ade20246f654ed8f22ddc5ccc39f47cfa77df0e55544e63e79be807ad7e4b	b2a45a48f9ff3433f506a582fa09c431	
f	opt/fantgpu-fh2m/usr/share/alsa/ucm/FantasyCard0-HDMI0-HDMI1-DP0/FantasyCard0-HDMI0-HDMI1-DP0.conf	285	0755	ce39421c88521722400709bc13fad4514d0a58020a2e012171a08f24eec62fd4	60799db71285bcf6923a0317e0954b62	
f	opt/fantgpu-fh2m/usr/share/alsa/ucm/FantasyCard0-HDMI0-HDMI1-DP0/Hdmi0	322	0755	7fd6aa078a6d8a7d17ae14094cc01fee26c4d6f2528eeabb9789ffa9a526da62	6414b4f7d16a1dbc0ba6aa631f10c42d	
f	opt/fantgpu-fh2m/usr/share/alsa/ucm/FantasyCard0-HDMI0-HDMI1-DP0/Hdmi1	322	0755	afe7c6c5c98456f7f106eb6711a83e34f1f99ba83653683ef482cf977a90aa02	c1eede1dd79a9e820e3887c2a0640999	
f	opt/fantgpu-fh2m/usr/share/alsa/ucm/FantasyCard0-HDMI0-HDMI1/FantasyCard0-HDMI0-HDMI1.conf	227	0755	991f4233739020b3b84a2e9a79a01133ea4fc493d9c7295a6a9d372fba7cf852	1f1f2610c6bda0532626a39162df4082	
f	opt/fantgpu-fh2m/usr/share/alsa/ucm/FantasyCard0-HDMI0-HDMI1/Hdmi0	322	0755	7fd6aa078a6d8a7d17ae14094cc01fee26c4d6f2528eeabb9789ffa9a526da62	6414b4f7d16a1dbc0ba6aa631f10c42d	
f	opt/fantgpu-fh2m/usr/share/alsa/ucm/FantasyCard0-HDMI0-HDMI1/Hdmi1	322	0755	afe7c6c5c98456f7f106eb6711a83e34f1f99ba83653683ef482cf977a90aa02	c1eede1dd79a9e820e3887c2a0640999	
d	opt/fantgpu-fh2m/usr/share/alsa/ucm/FantasyCard0-HDMI0-HDMI2DP1		0755			
f	opt/fantgpu-fh2m/usr/share/alsa/ucm/FantasyCard0-HDMI0-HDMI2DP1/Dp	327	0755	b184d67d69cf3bde78c5097e1533a1c1e9121dfe3c433dcc6a3ee433cdb4e559	00051d2a5e1e87a70b4773c070984f46	
f	opt/fantgpu-fh2m/usr/share/alsa/ucm/FantasyCard0-HDMI0-HDMI2DP1/FantasyCard0-HDMI0-HDMI2DP1.conf	215	0755	9989bba16719a0a9747f9c5c1ffcb3cdcc0599b125e217be9138108ef9c569cf	6cb0153eade9ce3ac70bf85bf406e23e	
f	opt/fantgpu-fh2m/usr/share/alsa/ucm/FantasyCard0-HDMI0-HDMI2DP1/Hdmi	322	0755	7fd6aa078a6d8a7d17ae14094cc01fee26c4d6f2528eeabb9789ffa9a526da62	6414b4f7d16a1dbc0ba6aa631f10c42d	
f	opt/fantgpu-fh2m/usr/share/alsa/ucm/FantasyCard0-HDMI0/FantasyCard0-HDMI0.conf	157	0755	9c89d210fe5cb2d9c3289671d013f2c9282c5f97af9ad8241a468a303e8501f4	879e3135d86f662cc0b9f9d7dfba1000	
f	opt/fantgpu-fh2m/usr/share/alsa/ucm/FantasyCard0-HDMI0/Hdmi	322	0755	7fd6aa078a6d8a7d17ae14094cc01fee26c4d6f2528eeabb9789ffa9a526da62	6414b4f7d16a1dbc0ba6aa631f10c42d	
d	opt/fantgpu-fh2m/usr/share/alsa/ucm/FantasyCard0-HDMI1		0755			
f	opt/fantgpu-fh2m/usr/share/alsa/ucm/FantasyCard0-HDMI1/FantasyCard0-HDMI1.conf	157	0755	9c89d210fe5cb2d9c3289671d013f2c9282c5f97af9ad8241a468a303e8501f4	879e3135d86f662cc0b9f9d7dfba1000	
f	opt/fantgpu-fh2m/usr/share/alsa/ucm/FantasyCard0-HDMI1/Hdmi	322	0755	3242e7167bb764d88bf335e03404aae7501036b7ddac233b9603210cb33caf9a	27de89034633175e4e5d07e034eedfb2	
d	opt/fantgpu-fh2m/usr/share/alsa/ucm/FantasyCard0-HDMI2DP0-DP0		0755			
f	opt/fantgpu-fh2m/usr/share/alsa/ucm/FantasyCard0-HDMI2DP0-DP0/Dp	312	0755	822485c8dd0afb0c28611618e77a333274d973e63200a7a6c6d9479cfcf8c147	a1395ee25ced31e047fff7fe9425d8db	
f	opt/fantgpu-fh2m/usr/share/alsa/ucm/FantasyCard0-HDMI2DP0-DP0/FantasyCard0-HDMI2DP0-DP0.conf	215	0755	9989bba16719a0a9747f9c5c1ffcb3cdcc0599b125e217be9138108ef9c569cf	6cb0153eade9ce3ac70bf85bf406e23e	
f	opt/fantgpu-fh2m/usr/share/alsa/ucm/FantasyCard0-HDMI2DP0-DP0/Hdmi	332	0755	8329ac3cb854ef69b3ae49fdb7b5173728748ea8b49f75a47c7ee44ff39bf102	244ebe358f08a37bfa3378acadaebd3c	
d	opt/fantgpu-fh2m/usr/share/alsa/ucm2		0755			
d	opt/fantgpu-fh2m/usr/share/alsa/ucm2/FantasyCard		0755			
f	opt/fantgpu-fh2m/usr/share/alsa/ucm2/FantasyCard/FantasyCard.conf	110	0755	9c7a7dfd5fbcba4ab483f283516a511be0d5f546bb7539d9079e071909e5da44	18a6884d12829b259aab36841fe71179	
f	opt/fantgpu-fh2m/usr/share/alsa/ucm2/FantasyCard/HiFi.conf	28597	0755	6fe2316a917fed6cc633d6e7030330ee62366e1b065a6aba439a80ff4b5031cf	71db8f084c63cd3b4d243230babf0d8b	
d	opt/fantgpu-fh2m/usr/share/alsa/ucm2/conf.d		0755			
d	opt/fantgpu-fh2m/usr/share/alsa/ucm2/conf.d/FantasyCard		0755			
f	opt/fantgpu-fh2m/usr/share/alsa/ucm2/conf.d/FantasyCard/FantasyCard.conf	110	0755	9c7a7dfd5fbcba4ab483f283516a511be0d5f546bb7539d9079e071909e5da44	18a6884d12829b259aab36841fe71179	
f	opt/fantgpu-fh2m/usr/share/alsa/ucm2/conf.d/FantasyCard/HiFi.conf	28597	0755	6fe2316a917fed6cc633d6e7030330ee62366e1b065a6aba439a80ff4b5031cf	71db8f084c63cd3b4d243230babf0d8b	
d	usr		0755			
d	usr/lib		0755			
d	usr/lib/i386-linux-gnu		0755			
d	usr/lib/i386-linux-gnu/dri		0755			
f	usr/lib/i386-linux-gnu/dri/fh2m_dri.so	15259012	0755	417dd1d1cdc5ff32f456a79ffd7da39756a90e122e40d3252cba1fac24ce39ba	47add224315197eecbdbbb2145425042	
d	usr/lib/i386-linux-gnu/fantgpu-fh2m		0755			
l	usr/lib/i386-linux-gnu/fantgpu-fh2m/libEGL_fh2m.so		0777			libEGL_fh2m.so.1
l	usr/lib/i386-linux-gnu/fantgpu-fh2m/libEGL_fh2m.so.0		0777			libEGL_fh2m.so
f	usr/lib/i386-linux-gnu/fantgpu-fh2m/libEGL_fh2m.so.1	5536	0755	9e434c27f8d8cd2b83a8f5861bae927df3f31e7e5391e3df92dbf3869c7cde4a	dc05b5fe328c6290169c2cc7e1394485	
l	usr/lib/i386-linux-gnu/fantgpu-fh2m/libEGL_fh2m_l.so		0777			libEGL_fh2m_l.so.0
l	usr/lib/i386-linux-gnu/fantgpu-fh2m/libEGL_fh2m_l.so.0		0777			libEGL_fh2m_l.so.0.0.0
f	usr/lib/i386-linux-gnu/fantgpu-fh2m/libEGL_fh2m_l.so.0.0.0	367776	0755	ce35e33204f3c1a68187a79a199c83aeccd116c4c986d0eee34df35daa9f1015	b3c49b96d65b82c8be5ccf3f5192780e	
l	usr/lib/i386-linux-gnu/fantgpu-fh2m/libFTOCL_fh2m.so		0777			libFTOCL_fh2m.so.1
f	usr/lib/i386-linux-gnu/fantgpu-fh2m/libFTOCL_fh2m.so.1	711588	0755	995acdc28ba28904ab97f1835f6350e42033dd4f40329554a2323ce86326c3ed	36487e3c3c1ab1c7963b81df02da2a95	
l	usr/lib/i386-linux-gnu/fantgpu-fh2m/libGLESv1_CM_FT_MESA.so		0777			libGLESv1_CM_FT_MESA.so.1
f	usr/lib/i386-linux-gnu/fantgpu-fh2m/libGLESv1_CM_FT_MESA.so.1	1079336	0755	f533f21e7b7eada46f23590a81b223c9840ee9e3604366bd9285738080830964	9ae8a896d29f0d99d895977631245dbd	
l	usr/lib/i386-linux-gnu/fantgpu-fh2m/libGLESv2_FT_MESA.so		0777			libGLESv2_FT_MESA.so.1
f	usr/lib/i386-linux-gnu/fantgpu-fh2m/libGLESv2_FT_MESA.so.1	2070928	0755	c800b8f4055fb1b3d3a86a79320128366763dc0714aa8884862534a3b4c1ef62	8d34f55e55d11a6aa683bf6f28178355	
l	usr/lib/i386-linux-gnu/fantgpu-fh2m/libGLX_fh2m.so		0777			libGLX_fh2m.so.1
l	usr/lib/i386-linux-gnu/fantgpu-fh2m/libGLX_fh2m.so.0		0777			libGLX_fh2m.so
f	usr/lib/i386-linux-gnu/fantgpu-fh2m/libGLX_fh2m.so.1	5536	0755	850f7e65865b4392b500a665dc40901235fe160d695a3b64bbab781b9c35374c	bc95b6c090d90988cc75a1931904dfdc	
l	usr/lib/i386-linux-gnu/fantgpu-fh2m/libGLX_fh2m_l.so		0777			libGLX_fh2m_l.so.0
l	usr/lib/i386-linux-gnu/fantgpu-fh2m/libGLX_fh2m_l.so.0		0777			libGLX_fh2m_l.so.0.0.0
f	usr/lib/i386-linux-gnu/fantgpu-fh2m/libGLX_fh2m_l.so.0.0.0	541016	0755	3032ef4f26083ed60c9c210b1e26b22f1cf285eccfa7c232d90921165924fead	d8a6d68a425c402550c2a842ffbdf0bf	
l	usr/lib/i386-linux-gnu/fantgpu-fh2m/libGL_FT_MESA.so		0777			libGL_FT_MESA.so.1
f	usr/lib/i386-linux-gnu/fantgpu-fh2m/libGL_FT_MESA.so.1	3395084	0755	692bde902296d4f8987b0f52c2f36a1442daf026b73b66d50380e419af4689ad	d9039301e1230fc85c5b904ec820e2d5	
l	usr/lib/i386-linux-gnu/fantgpu-fh2m/libVK_FANT_fh2m.so		0777			libVK_FANT_fh2m.so.1
f	usr/lib/i386-linux-gnu/fantgpu-fh2m/libVK_FANT_fh2m.so.1	1366168	0755	db8f1d0cda6d8f57ba75d63f3010208e8df544cf000666c00915173fb23e168e	0f825546a775f3dc99cbe68aba146b5a	
l	usr/lib/i386-linux-gnu/fantgpu-fh2m/libfh2m_gbm.so		0777			libfh2m_gbm.so.1
l	usr/lib/i386-linux-gnu/fantgpu-fh2m/libfh2m_gbm.so.1		0777			libfh2m_gbm.so.1.0.0
f	usr/lib/i386-linux-gnu/fantgpu-fh2m/libfh2m_gbm.so.1.0.0	59280	0755	26c6e32c273a561c20394c8e245fb2caa3c62b52a0138c307082d101f3d6716f	ae16ec95e89a69ccb5f456b7cb11711b	
l	usr/lib/i386-linux-gnu/fantgpu-fh2m/libft_dri_support.so		0777			libft_dri_support.so.1
f	usr/lib/i386-linux-gnu/fantgpu-fh2m/libft_dri_support.so.1	457124	0755	025f91f0ab5030b54c814c8d1bc4ad1f6ea2a049553d2abe607475ca2add9a85	3fda1e91d75d649b523fe71590b1e7fc	
l	usr/lib/i386-linux-gnu/fantgpu-fh2m/libft_mesa_wsi.so		0777			libft_mesa_wsi.so.1
f	usr/lib/i386-linux-gnu/fantgpu-fh2m/libft_mesa_wsi.so.1	4434184	0755	953c172da5bcaebbcbdeb216537fabe57c6f77cbb6d3e068649c191f73add8de	4b4a173825f3d6c67a9bfbc8e7416817	
l	usr/lib/i386-linux-gnu/fantgpu-fh2m/libgbm.so		0777			libgbm.so.1
l	usr/lib/i386-linux-gnu/fantgpu-fh2m/libgbm.so.1		0777			libgbm.so.1.0.0
f	usr/lib/i386-linux-gnu/fantgpu-fh2m/libgbm.so.1.0.0	75696	0755	f6bf67555a6a2e7ae5e34679afb454e20fcf30b056c202b5dd63a92c0816ced3	eb992da4bbae54431fdf1531119ce914	
l	usr/lib/i386-linux-gnu/fantgpu-fh2m/libglapi_fh2m_l.so		0777			libglapi_fh2m_l.so.0
l	usr/lib/i386-linux-gnu/fantgpu-fh2m/libglapi_fh2m_l.so.0		0777			libglapi_fh2m_l.so.0.0.0
f	usr/lib/i386-linux-gnu/fantgpu-fh2m/libglapi_fh2m_l.so.0.0.0	162760	0755	7840602a856ec33a769ce05c104978c0112c9d88a24b34030a5106074a50dcdd	0b26b0405c402e0e020ae5379008504c	
l	usr/lib/i386-linux-gnu/fantgpu-fh2m/libsrv_um_fh2m.so		0777			libsrv_um_fh2m.so.1
f	usr/lib/i386-linux-gnu/fantgpu-fh2m/libsrv_um_fh2m.so.1	654020	0755	a737728e5606340f6fd5e87dd6fc32aa9013d7c87ba070b8a7e5acf5c1464421	b9dfca8c73f308d5ba8171a58080f2bf	
l	usr/lib/i386-linux-gnu/fantgpu-fh2m/libufwriter_fh2m.so		0777			libufwriter_fh2m.so.1
f	usr/lib/i386-linux-gnu/fantgpu-fh2m/libufwriter_fh2m.so.1	56695868	0755	8d87abad80b4ec226c7341aa51a2dc749f8ed57b1c1eaaffc1cc861fb62f7d8d	22a8a4182d1b57e9aaa5b9ac7eeaf149	
l	usr/lib/i386-linux-gnu/fantgpu-fh2m/libusc_fh2m.so		0777			libusc_fh2m.so.1
f	usr/lib/i386-linux-gnu/fantgpu-fh2m/libusc_fh2m.so.1	2197008	0755	dbfd2ae1b44c8ca619344f12deee32c05fde740f265cca04a331802612c9b3cf	06ae32d6596358175a806a8cb9e1f84b	
d	usr/lib/i386-linux-gnu/gbm		0755			
l	usr/lib/i386-linux-gnu/gbm/fh2m_gbm.so		0777			../fantgpu-fh2m/libfh2m_gbm.so
d	usr/lib/kgc		0755			
f	usr/lib/kgc/kgc_inno.so	10456	0755	835aaa29be567333d667be8ced38578da2be1e5d4e32f41b486ba390b4266795	2af52d0d6f4f4847b3535ff2cdb37d2d	
d	usr/lib/x86_64-linux-gnu		0755			
d	usr/lib/x86_64-linux-gnu/dri		0755			
f	usr/lib/x86_64-linux-gnu/dri/fh2m_dri.so	14359576	0755	6b62a5d242647a014401bb4ccac1f3df5f3f710241fb96adcf025c4b04c40b2d	1bd7f00a6cd1b488f0ee0fd4600c60ea	
f	usr/lib/x86_64-linux-gnu/dri/fh2m_drv_video.so	1614832	0644	ae586bf1b1528f692ce3350455b578350c9cc284d458bd03ff3fa05ff6770c28	aea1dc62fc3d6c6441aeef5f91247eec	
d	usr/lib/x86_64-linux-gnu/fantgpu-fh2m		0755			
l	usr/lib/x86_64-linux-gnu/fantgpu-fh2m/libEGL_fh2m.so		0777			libEGL_fh2m.so.1
l	usr/lib/x86_64-linux-gnu/fantgpu-fh2m/libEGL_fh2m.so.0		0777			libEGL_fh2m.so
f	usr/lib/x86_64-linux-gnu/fantgpu-fh2m/libEGL_fh2m.so.1	6256	0755	bfc824d85c2004768b77c679e0796f70eea7ee9a20ebd1186fd0620bd31de247	08f195ceef3dd6e4115b4a6403c9ebc1	
l	usr/lib/x86_64-linux-gnu/fantgpu-fh2m/libEGL_fh2m_l.so		0777			libEGL_fh2m_l.so.0
l	usr/lib/x86_64-linux-gnu/fantgpu-fh2m/libEGL_fh2m_l.so.0		0777			libEGL_fh2m_l.so.0.0.0
f	usr/lib/x86_64-linux-gnu/fantgpu-fh2m/libEGL_fh2m_l.so.0.0.0	362112	0755	0f02a458de83fca65ddee2522ee057ba1b63b62f5d39b8f9f7c7d0edf54bc356	5f6b02370a2ae2bb063262d7c2e445af	
l	usr/lib/x86_64-linux-gnu/fantgpu-fh2m/libFTOCL_fh2m.so		0777			libFTOCL_fh2m.so.1
f	usr/lib/x86_64-linux-gnu/fantgpu-fh2m/libFTOCL_fh2m.so.1	693200	0755	e134b06912ba8895077a95e57053f60bbf8285da253da6cf63a964926051aadc	af43fe27972183d4355f2dc1114329e0	
l	usr/lib/x86_64-linux-gnu/fantgpu-fh2m/libGLESv1_CM_FT_MESA.so		0777			libGLESv1_CM_FT_MESA.so.1
f	usr/lib/x86_64-linux-gnu/fantgpu-fh2m/libGLESv1_CM_FT_MESA.so.1	1080616	0755	1ac4105b1599c6d3246125034f01911b82971f5b7bbaa800495eccacf6a18d39	c4efb9c376a60128d08a0563d6e8fea8	
l	usr/lib/x86_64-linux-gnu/fantgpu-fh2m/libGLESv2_FT_MESA.so		0777			libGLESv2_FT_MESA.so.1
f	usr/lib/x86_64-linux-gnu/fantgpu-fh2m/libGLESv2_FT_MESA.so.1	2056176	0755	9102d72bd46e46bc76b91c7a8a754d3ce110f47493c936bf6bcefa48afe68081	9ddeee486d82baeee33fc02edd01fc96	
l	usr/lib/x86_64-linux-gnu/fantgpu-fh2m/libGLX_fh2m.so		0777			libGLX_fh2m.so.1
l	usr/lib/x86_64-linux-gnu/fantgpu-fh2m/libGLX_fh2m.so.0		0777			libGLX_fh2m.so
f	usr/lib/x86_64-linux-gnu/fantgpu-fh2m/libGLX_fh2m.so.1	6256	0755	518d19b5ca0bc1ec88005ec6a246f2d5b6ae2a03e6452877de8565cfb0d507b3	40076f6e7013781be07816e04489d622	
l	usr/lib/x86_64-linux-gnu/fantgpu-fh2m/libGLX_fh2m_l.so		0777			libGLX_fh2m_l.so.0
l	usr/lib/x86_64-linux-gnu/fantgpu-fh2m/libGLX_fh2m_l.so.0		0777			libGLX_fh2m_l.so.0.0.0
f	usr/lib/x86_64-linux-gnu/fantgpu-fh2m/libGLX_fh2m_l.so.0.0.0	533376	0755	94a5dd42806220ac40256497855e596e9fa9e24902f04c0f565679979774f91a	fc12c25982e47c4c0a38726e096761e8	
l	usr/lib/x86_64-linux-gnu/fantgpu-fh2m/libGL_FT_MESA.so		0777			libGL_FT_MESA.so.1
f	usr/lib/x86_64-linux-gnu/fantgpu-fh2m/libGL_FT_MESA.so.1	3499528	0755	146abde6568f366b3d0c011f2a5855bbd1329cf4c6e944f953670bc428afbe90	dbb57888ab2aed1a53c339e24ccd8e33	
l	usr/lib/x86_64-linux-gnu/fantgpu-fh2m/libVK_FANT_fh2m.so		0777			libVK_FANT_fh2m.so.1
f	usr/lib/x86_64-linux-gnu/fantgpu-fh2m/libVK_FANT_fh2m.so.1	1407056	0755	7faa3ff30e17e41f2bb8e6de7834595badc74e611c2fbd4aacac4259d318da2c	9de224281e0e97143457c818a1ad04b5	
f	usr/lib/x86_64-linux-gnu/fantgpu-fh2m/libfant_codec.so	1774088	0644	b37e4c994dc593a9dd66bf98e3f77fcd5bd2dea7f7dad3c48d737d3772c5d976	a251c0ca26f2266dba0bf7ea44019f66	
l	usr/lib/x86_64-linux-gnu/fantgpu-fh2m/libfh2m_gbm.so		0777			libfh2m_gbm.so.1
l	usr/lib/x86_64-linux-gnu/fantgpu-fh2m/libfh2m_gbm.so.1		0777			libfh2m_gbm.so.1.0.0
f	usr/lib/x86_64-linux-gnu/fantgpu-fh2m/libfh2m_gbm.so.1.0.0	60448	0755	d35acb8bb7e52af690c6ef74c6161c9abc9113d16af544ec6c211984d4599b90	7362654e3688e01241896fa8ba6937ed	
l	usr/lib/x86_64-linux-gnu/fantgpu-fh2m/libft_dri_support.so		0777			libft_dri_support.so.1
f	usr/lib/x86_64-linux-gnu/fantgpu-fh2m/libft_dri_support.so.1	507608	0755	06ead34ee62f0b2c69f618b61d04ff9de7a167a69c570946319b93796b305076	6158ae40a677709a1325faa284ef7d8d	
l	usr/lib/x86_64-linux-gnu/fantgpu-fh2m/libft_mesa_wsi.so		0777			libft_mesa_wsi.so.1
f	usr/lib/x86_64-linux-gnu/fantgpu-fh2m/libft_mesa_wsi.so.1	4251312	0755	58eb2fdfdeb5d7d36e7ae72a5dac76f6b5bd3a58e511d7a32a9a07654d869061	201a665c5ac4a04a2e98533e906bc849	
l	usr/lib/x86_64-linux-gnu/fantgpu-fh2m/libgbm.so		0777			libgbm.so.1
l	usr/lib/x86_64-linux-gnu/fantgpu-fh2m/libgbm.so.1		0777			libgbm.so.1.0.0
f	usr/lib/x86_64-linux-gnu/fantgpu-fh2m/libgbm.so.1.0.0	76896	0755	fe815332741769102a72433483ce80d7961140ffbf50bb84a8c610796bba6a43	4bbfe3f895466edb881c6c77e140c7d7	
l	usr/lib/x86_64-linux-gnu/fantgpu-fh2m/libglapi_fh2m_l.so		0777			libglapi_fh2m_l.so.0
l	usr/lib/x86_64-linux-gnu/fantgpu-fh2m/libglapi_fh2m_l.so.0		0777			libglapi_fh2m_l.so.0.0.0
f	usr/lib/x86_64-linux-gnu/fantgpu-fh2m/libglapi_fh2m_l.so.0.0.0	231688	0755	a254360c8504c92f7ad74e790329551bba556d97421cadcec30753279e55a1b7	4d7db027a3dbbdb083947601abf59d2b	
f	usr/lib/x86_64-linux-gnu/fantgpu-fh2m/libifbc_ext.so	969872	0755	07394d181214f434b06e8d8871f8644c5c1fea5ecc14460c97bb655979d4d5e8	588f1669776446a465baf0c5b08f568f	
l	usr/lib/x86_64-linux-gnu/fantgpu-fh2m/libsrv_um_fh2m.so		0777			libsrv_um_fh2m.so.1
f	usr/lib/x86_64-linux-gnu/fantgpu-fh2m/libsrv_um_fh2m.so.1	602008	0755	a7345567f0a317c9fb9d2c6e1bb33f741ec72871c8e2063372f6c85f4e5d070d	66eb4bcd8da7677caf48caeaa539f0ca	
l	usr/lib/x86_64-linux-gnu/fantgpu-fh2m/libufwriter_fh2m.so		0777			libufwriter_fh2m.so.1
f	usr/lib/x86_64-linux-gnu/fantgpu-fh2m/libufwriter_fh2m.so.1	49173312	0755	2cd95e003243b7fd50d5d92d4ef11e86f30d69436a284859caed63d61f5df25d	e01411cc0b05188ae0cdb1e569c9290a	
l	usr/lib/x86_64-linux-gnu/fantgpu-fh2m/libusc_fh2m.so		0777			libusc_fh2m.so.1
f	usr/lib/x86_64-linux-gnu/fantgpu-fh2m/libusc_fh2m.so.1	2263352	0755	bcf6deaad8fd124df363e2709f9e5a3c37b48e823cbfb3020890c568ae9098b1	ee0e2e484f7b81bf26088f9d371a7be1	
d	usr/lib/x86_64-linux-gnu/gbm		0755			
l	usr/lib/x86_64-linux-gnu/gbm/fh2m_gbm.so		0777			../fantgpu-fh2m/libfh2m_gbm.so
d	usr/share		0755			
d	usr/share/X11		0755			
d	usr/share/X11/xorg.conf.d		0755			
f	usr/share/X11/xorg.conf.d/10-fh2m.conf	263	0644	c76514e32da8e6ddf2027e50c86fe1bf3e8e1758d0f7eb103d6e209f246cf0b1	7f976a98f0911410011b8e25681fa879	
d	usr/share/doc		0755			
d	usr/share/doc/fantgpu-fh2m		0755			
f	usr/share/doc/fantgpu-fh2m/changelog.Debian.gz	193	0644	0cef89e88dd54566610d2034050ca5de2cc6d007abc7a7b46230811d2c21e061	fc52a77d5686bcb7b9c5877e8d88ee9f	
d	usr/share/drirc.d		0755			
f	usr/share/drirc.d/01-fh2m_drv.conf	864	0755	4d86eb74aecb38d837f4d3ca1987d8a8cea4d6619fde765baff20eda2c96b02d	805bc8fe25b28581b02620996fe6bc8f	
d	usr/share/fantgpu-fh2m-kernel-dkms		0755			
f	usr/share/fantgpu-fh2m-kernel-dkms/postinst	9050	0755	ddb8b635c376e8aa54a03a02651b8efc56e9ae7cdfdcc974a30790d200af7cd3	20efbbc100a0adbbab9900fa22b6b64e	
d	usr/share/glvnd		0755			
d	usr/share/glvnd/egl_vendor.d		0755			
f	usr/share/glvnd/egl_vendor.d/00_fh2m.json	105	0644	c2ec9d6a954d22e91431eea015062934a140f2de19d75f41e919c4e7dd5717ff	040320bcbb11b36778493b3df4578960	
d	usr/share/initramfs-tools		0755			
d	usr/share/initramfs-tools/hooks		0755			
f	usr/share/initramfs-tools/hooks/fantgpu	162	0755	5e83f3454592dc26dd85aba9f76b4a63eb6c2d5a093f2611b20e6d287387c709	8bb53a41205f8df09d93c8a6d30ab1ae	
d	usr/src		0755			
d	usr/src/fantgpu-fh2m-kernel-2.2		0755			
f	usr/src/fantgpu-fh2m-kernel-2.2/Kbuild	1564	0644	fb86ca97238d1793d847f46e5674904e8bd412ce9577d847b886e86ed85754d0	49ee115e5d4ff05dfbf0477f5d199747	
f	usr/src/fantgpu-fh2m-kernel-2.2/Makefile	3010	0644	2d655765af58ca0532692c9e93629b35815540f7bbdda7f9363ff58379fe46c2	eb73e98e57341b68c7f1245839b1268a	
f	usr/src/fantgpu-fh2m-kernel-2.2/cfg_detect.sh	2760	0644	fb44433928f749cc973de19673327aaae701e93298d5eba31012b674936bb18d	f3ee88069252de6c5bb2b11ec24d4a03	
f	usr/src/fantgpu-fh2m-kernel-2.2/dkms.conf	415	0644	f33ace8c9a1532f963dcadc2681accce314a40d5e0df880ac7cfc5eedb210c7c	86f021c30c8746e9e8d2e27a7f91376f	
f	usr/src/fantgpu-fh2m-kernel-2.2/dkms.post_remove	353	0755	86ff0bdd5e9b68cdb7cae0b3f248b3395b885527acd86963c9ba6848aeaad18a	37303ef387da94f90b6c33ca55d15878	
f	usr/src/fantgpu-fh2m-kernel-2.2/dkms.pre_install	390	0755	ad2147c4a920275c4beff690f8966c695f9f4917c73ca079148a7048243731ae	a1078dafecf963605ed3ebb086dfdced	
d	usr/src/fantgpu-fh2m-kernel-2.2/fantdma		0755			
f	usr/src/fantgpu-fh2m-kernel-2.2/fantdma/Makefile	333	0644	e7eead8c0b2c9f7d154a02f8e81105eacf44b68ddf7120c8973110dbaf8af15b	996cfa49ceb2fbf53ff3b2b8e5ce7979	
f	usr/src/fantgpu-fh2m-kernel-2.2/fantdma/axi_dmac.h	4635	0644	33d6a7ceaddf90b127297a51c1296cc4c22e1ad047f6b9d710c64e664e1636b7	bd3409ca984de7393040ccccc64837d6	
f	usr/src/fantgpu-fh2m-kernel-2.2/fantdma/fant_axi_dma_drv.c	23848	0644	447961bf3fedeb7d2f7a62a37745050da791b975dac29ce83d13ee4abdc24e79	c2ec8ccc00fbc3135901ec4e4d245942	
f	usr/src/fantgpu-fh2m-kernel-2.2/fantdma/fant_axi_dma_drv.h	2593	0644	3d9b95f9484bed685b66fa436f4543937d81b01056363e2dd2b9f177cdafd867	d906473abf3ebd8ef3a2dc554db073fa	
f	usr/src/fantgpu-fh2m-kernel-2.2/fantdma/fant_dmaengine.h	6355	0644	44b7df06424a8324cd644f9a7b864e4269e3f98fcc3bbb64f3f2cb4bb14ad8a2	e4b928786e2f481ec7911324556c7d4d	
f	usr/src/fantgpu-fh2m-kernel-2.2/fantdma/fant_pcie_dma_drv.c	20591	0644	a774b476de613907e4bc16c23dd73f1d596864a9839f4141e9557bf2e406071e	8cff93363384df0dff6ddf00c2883153	
f	usr/src/fantgpu-fh2m-kernel-2.2/fantdma/fant_pcie_dma_drv.h	2600	0644	d27ebac85f79440364cd5381e5c26f090f8fcc60bd366d991f97d21251b6472d	bd93e2d4dee83b3fa452aefaf08c5c7a	
f	usr/src/fantgpu-fh2m-kernel-2.2/fantdma/fantdma.h	12367	0644	7ce3ce25a9af87c5c26b8a9e33285c23a5b33965bc1d999ac815908fc3402019	64439f2f6e20bf758b55ba25e0a399e3	
f	usr/src/fantgpu-fh2m-kernel-2.2/fantdma/fantdma.o_shipped	590480	0644	6dfd691ac1895f47ad5eaae3556b5360bae0cb62eb18d220f87fdfa2a3cae230	4f395dcefca647a480f41280e3ff9947	
f	usr/src/fantgpu-fh2m-kernel-2.2/fantdma/fantdma_debug.c	2990	0644	c3dd0285d372af4fddfb75b17bbc4d99543c509f0b5208a97b010c55ce108075	65f500931a272d6bc47817f733fa277e	
f	usr/src/fantgpu-fh2m-kernel-2.2/fantdma/fantdma_debug.h	4031	0644	d1aad6c24f084a1cc37c02e6ea2661b0629b85018300d7e9277cba0f681b2cbb	57eac7eff6e5ed5b65769006383b4957	
f	usr/src/fantgpu-fh2m-kernel-2.2/fantdma/fantdma_drv.c	4130	0644	2b192de92892684bff32f1f10ef06bb46462e086f2d822950c3e87f44e9cc311	3f16904acff7544f1f99965038eb3ddd	
f	usr/src/fantgpu-fh2m-kernel-2.2/fantdma/pcie_dmac.h	4077	0644	440507b52d864350c2dbeb6c45a6c279daf229fcb37f08d0d473f4fddbedfa2a	7d6484d4d60536572b9b2a53f59e7cdc	
f	usr/src/fantgpu-fh2m-kernel-2.2/fantdma/utils.h	5386	0644	29efc8ac581f14a9bebe397e632f7ba4af60bb2c719d2851ec20ac2d1ec04522	9512e2f4cb13284cdcea2d05a276f222	
f	usr/src/fantgpu-fh2m-kernel-2.2/fantdma/virt_dma.c	5612	0644	3a8337ee8034bbf52922e5901963a5beab30ee6cfdbaf6575a65ea0f80e50ee6	1dbaf4e7797a24d6f9d6d9d139590493	
f	usr/src/fantgpu-fh2m-kernel-2.2/fantdma/virt_dma.h	6433	0644	40a888951b988caeb8c38d01864f6be724d9cc32f23b8a868d51e9cfbc4dcc36	b23414ba52fccad05f32d96a06ee0df8	
d	usr/src/fantgpu-fh2m-kernel-2.2/fantgpu		0755			
f	usr/src/fantgpu-fh2m-kernel-2.2/fantgpu/Makefile	970	0644	31119616717e9186e13781a4ad3c123f91e0f548efbb27d952d609a04cfa0b88	19ba29a74b1262c9378b1e560cac01b4	
f	usr/src/fantgpu-fh2m-kernel-2.2/fantgpu/fant_audio.c	4659	0644	f31e32d07fd908873f285458b902bf67c0d4e935230a8368fde53befa5e0a4c6	1611a743949622d49bcd8d3b4b201e30	
f	usr/src/fantgpu-fh2m-kernel-2.2/fantgpu/fant_audio.h	3391	0644	2a2af4bcef9763feae5403bc921fe6660ba7af88278c14d652d372c2d6ec10fa	dd133df839f8e9bcd927bfd65a082195	
f	usr/src/fantgpu-fh2m-kernel-2.2/fantgpu/fant_check.S	3814	0644	7fac7388fe0032919c28537ddbc99ea06431a15a8fcf00403f85e10e06039e62	f62d13e17fcb2348b8d90465f2040691	
f	usr/src/fantgpu-fh2m-kernel-2.2/fantgpu/fant_cpumask.c	2911	0644	93a86b1ffbaa8174f54c3c9c1a5a56bd9d391d29a19dea1fcac7ba6867bd8b86	51f60466bbd69744effbf3a1fe5a277c	
f	usr/src/fantgpu-fh2m-kernel-2.2/fantgpu/fant_cpumask.h	2314	0644	101cdd8fb85f70f013007b013da047884c808d1d29a1ad912cd13c1290379742	6f08233d41602e1f02548db841a5fbc6	
f	usr/src/fantgpu-fh2m-kernel-2.2/fantgpu/fant_debug.c	18678	0644	1642be4800ffc7b0540925052aa5bd4fa90fc237628123f3f85faff0e938754d	63706bc4eb09508b1a728b70ee287814	
f	usr/src/fantgpu-fh2m-kernel-2.2/fantgpu/fant_debug.h	8391	0644	7140925080590a2d885c1d6630a2bbdc501a2d6393d479c9c2e5bdd84edd97e8	ba31367817315d87ebe2185b074460bc	
f	usr/src/fantgpu-fh2m-kernel-2.2/fantgpu/fant_dma.c	22019	0644	384cdec8c11c47fc3bfa9dfa0635c5d377f23a06a2a09b75d0dd8de3b03e0e0d	9d7ef7df4ad20ce759b45b077791c08a	
f	usr/src/fantgpu-fh2m-kernel-2.2/fantgpu/fant_dma.h	9067	0644	0b2594c51e38fa6b34fc101e5c1776a48cee9c3492e9217ba667a6c578868fa9	bf3fa93ab3190bb54a2550df168c763a	
f	usr/src/fantgpu-fh2m-kernel-2.2/fantgpu/fant_dma_buf.c	9931	0644	b9783c31cd16c00a1f39b201de95660a210cb0265fde6250705b8f0a8a98bdaa	8e4435d2a2f0fa30a250a9ef1fba9521	
f	usr/src/fantgpu-fh2m-kernel-2.2/fantgpu/fant_dma_buf.h	4563	0644	f7389029f1ffce926efa58bdb262a6c4332a4761dbe095c8fc0feb7527db806b	b26bed050dcfe7759119fbf6dd9341bc	
f	usr/src/fantgpu-fh2m-kernel-2.2/fantgpu/fant_drm.c	30833	0644	14459a04ee7bc9601b60a4e94eb8a40efeb61aa44f25f53f8de6b59b3e928497	07c651722dfef8f1fc98557542464ee4	
f	usr/src/fantgpu-fh2m-kernel-2.2/fantgpu/fant_drm.h	14032	0644	ebb865616891ae85b31f5b6df7f1f53aa029ab37ab04865a47f4a8d794ffd2b0	288a4997dc6fcda877a145137f835f29	
f	usr/src/fantgpu-fh2m-kernel-2.2/fantgpu/fant_drm_mode.c	7428	0644	01ff71321b0bfdeab1250b595e4da4cea0583ce0518d0f36735542f765050113	67756bd5c807a561a435a14625752a65	
f	usr/src/fantgpu-fh2m-kernel-2.2/fantgpu/fant_drm_mode.h	6998	0644	98bb5cbdc69dbfeffaca5d926bb02de319f3c4e593ec1a2211455ce031fc7d52	f7bd5addcab2fca8635083de0a7659b0	
f	usr/src/fantgpu-fh2m-kernel-2.2/fantgpu/fant_fence.c	7962	0644	a9af60b9b3136af003ddd7b6c5abd3f41d7d8000e7da4648376408781e5d7610	1fcaa5427eebac62a465bc98119d2586	
f	usr/src/fantgpu-fh2m-kernel-2.2/fantgpu/fant_fence.h	3726	0644	8494ad5a75fceae247cbfeb80413b995d29512a04c6608d18a528f86e09de4e5	c6e6773e69900adddc14fc9534622b80	
f	usr/src/fantgpu-fh2m-kernel-2.2/fantgpu/fant_firmware.c	3819	0644	d1bd028055372780f11be01c24bc9f7b49851a7f2f51b4a1ab12100961793c34	9cd3e95a47dd5f59d0c2128589ffeb13	
f	usr/src/fantgpu-fh2m-kernel-2.2/fantgpu/fant_firmware.h	2840	0644	f2ad4e62846450dbb6a275dea96459ce5202a2706d1e4cffd37687f2e6335fc2	f9af2df66eb67c6a0035d18fdab362b3	
f	usr/src/fantgpu-fh2m-kernel-2.2/fantgpu/fant_fs.c	6073	0644	cd593645a954f7af338f9991d6340ed92512cc09132044280f41e22eaad27bdd	9bce41b0838d1cc29a03adde106e5acb	
f	usr/src/fantgpu-fh2m-kernel-2.2/fantgpu/fant_fs.h	3381	0644	bacc53b07d6cc5fc4df51f7d652a6e66a01f5dc7a9781c741dfb7b01fea500c5	37cd1aa159d15f377d35fa1e9561856a	
f	usr/src/fantgpu-fh2m-kernel-2.2/fantgpu/fant_idr.c	2871	0644	b44d74e337ea1197ecf4b28969230b0eadd3a50a5f3ba8deaa0afe5a4ed7cdcc	4babbe15d449313f5c5a4c7063a3095a	
f	usr/src/fantgpu-fh2m-kernel-2.2/fantgpu/fant_idr.h	3257	0644	89cdd64665e163b616eb555cdca33ff80d4819139bfad4810b66610487e63fd2	f24c0605997a6251c165ec0a06e67754	
f	usr/src/fantgpu-fh2m-kernel-2.2/fantgpu/fant_insn.c	4075	0644	279b1beeea600b4a28986cee8cbb4bc3ca8f2f16d6c67e1329d1aa738630420c	d7f1fe830d29d11822a8166628bdf4a5	
f	usr/src/fantgpu-fh2m-kernel-2.2/fantgpu/fant_insn.h	3312	0644	3373ad57a297a63c2ba3ebc23d55a2923f6be2c3406bde1cb950db6dd0e0e338	7fa4efb2d768f56fc7cdd18727f82d05	
f	usr/src/fantgpu-fh2m-kernel-2.2/fantgpu/fant_interrupt.c	3597	0644	60a6cee3608f140d7959c7a5d1315a306c96e39414685a4561366796cf3bb510	fab80e97a5270d395ed88a8f865e69cd	
f	usr/src/fantgpu-fh2m-kernel-2.2/fantgpu/fant_interrupt.h	2868	0644	23ec9267b20aac395cfb2562743caa2907f8e54ab0626040243cb42c0c7b1001	8757d2df5604f107698a8f32a39f65f6	
f	usr/src/fantgpu-fh2m-kernel-2.2/fantgpu/fant_io.c	2714	0644	4f3e8e658124d63d65e049b955ac22283a1a94c944a546eb541d1364df978fbe	a985a25f435e5e681cff46ec77fc5236	
f	usr/src/fantgpu-fh2m-kernel-2.2/fantgpu/fant_io.h	2480	0644	062ebc9ee270735830780aad748df587e55ae1b8b05c6008a7b0b187c981123a	1043cb360fb998c3fbaec902c9ed5af5	
f	usr/src/fantgpu-fh2m-kernel-2.2/fantgpu/fant_kernel_hook.c	13709	0644	d83db3a292876198379d623624647c2f914409749fc5b8f4b9548e542ae7a760	6bd429d4342d5a40dabca1b81e5ef0ef	
f	usr/src/fantgpu-fh2m-kernel-2.2/fantgpu/fant_kernel_hook.h	3028	0644	4669b59827150413698b1dd6968c21dbd44846f8f612fa82420e8309ff30a697	33bb1bdd155c372a547eddcf2c1eb4c1	
f	usr/src/fantgpu-fh2m-kernel-2.2/fantgpu/fant_lock.c	11955	0644	dda0186b3b6171a40aeb0582eb9b1bee49d72888f906d5d05a7779b8244208a7	00f202cd3f55ef6881a82bd1595c4ed1	
f	usr/src/fantgpu-fh2m-kernel-2.2/fantgpu/fant_lock.h	6039	0644	299067cfe28455801797d33492f0e3cdfc935c7525a85db9026e25eb494cc2a7	fa4e076d807eb145c33c5dfe7cf1a0c9	
f	usr/src/fantgpu-fh2m-kernel-2.2/fantgpu/fant_math.c	3555	0644	0aed82073c000773d3ae462c809fe857927dff0bd259723e64caabbf5df5c1d8	2e873f2b21d39a1d5895b5565d39e511	
f	usr/src/fantgpu-fh2m-kernel-2.2/fantgpu/fant_math.h	3668	0644	bd04a4889d5225ffcf2a6ef63f7522434c68cd4a77fec533b849c5a688c2c680	6ed2cb8d6d6a864a2823e70cb21a896b	
f	usr/src/fantgpu-fh2m-kernel-2.2/fantgpu/fant_misc.c	15942	0644	1817ef7f066574cdef55c159bdcdcc35c8ee56ffa5a9cdb84cf40d3f1772ab23	8ca9ba5dd223516e57e3c6e9850e91a6	
f	usr/src/fantgpu-fh2m-kernel-2.2/fantgpu/fant_misc.h	8286	0644	7df8c608c5fafa353e29f21084eace3d443ea2d124f5dddfa2b09c72057308e8	dce85ca991de50531837aa452dc9fdb4	
f	usr/src/fantgpu-fh2m-kernel-2.2/fantgpu/fant_mm.c	50477	0644	1a0fc7033ba1fe542ed35cfc95e3921b5484fe617b90be8613586eba7edc58aa	2b9115860014e36ac9caa641dbd140cb	
f	usr/src/fantgpu-fh2m-kernel-2.2/fantgpu/fant_mm.h	14496	0644	50cbabe6fe31cc8728c978ae3634826bc3b8c679b063edc8900560436367d348	30ab89b9a6fc464fe819ed1e0ee2e981	
f	usr/src/fantgpu-fh2m-kernel-2.2/fantgpu/fant_mtrr.c	3153	0644	68ba897da1d52d620587235b52759aedce617ffffcadd9d16d9c611291422b9c	db8ed39c6f3408de1e94faec984f3211	
f	usr/src/fantgpu-fh2m-kernel-2.2/fantgpu/fant_mtrr.h	2432	0644	dc4525000bb7054dd61c3f5d352c8c5d772f07590013a6bec5d6f08fd4abeaac	9a5fb91239d4012989ee95d7b11ad477	
f	usr/src/fantgpu-fh2m-kernel-2.2/fantgpu/fant_pci.c	21086	0644	f1a5bfbb4904dca91664fd153921fcd9eda72e848535236b5439346f71f1654a	0435b0b0e7e954cb47f132889e600473	
f	usr/src/fantgpu-fh2m-kernel-2.2/fantgpu/fant_pci.h	5798	0644	ce1b4fc8129b0ffbcc19dd3f2ecb3de3d241e41ea9aa8b7788d305ea43eae717	e76b74cf766f1c11787efd448cf19ca7	
f	usr/src/fantgpu-fh2m-kernel-2.2/fantgpu/fant_plat_dev.c	12733	0644	3650e3f35532d5d72bfd40028f463dd7671c9816332a806de0102aa9c77e39a8	c4ec2a9f6558262d094b55d6c2dd04dd	
f	usr/src/fantgpu-fh2m-kernel-2.2/fantgpu/fant_plat_dev.h	4888	0644	ceaf00f89e90067562db3b41c89fad5ccd3d59018c8618de8beee2fa5926162b	aa46c94a8abdae4676c7bcc23655e070	
f	usr/src/fantgpu-fh2m-kernel-2.2/fantgpu/fant_pm_runtime.c	4164	0644	471fdc5b048b320efc715a42830e5b25472544d85bca9d696291513ae72eef10	cf437c936e9ad8f03bee2d0d1a376bdb	
f	usr/src/fantgpu-fh2m-kernel-2.2/fantgpu/fant_pm_runtime.h	2899	0644	7f8c087116eb50ca99327e5058fd01bdfd90fc7c71356c78bd812b401d6f6fd1	0adcbd01230dbbb1fb638cd7cba4b5de	
f	usr/src/fantgpu-fh2m-kernel-2.2/fantgpu/fant_srvkm.h	3736	0644	2d84f48253207a0403f4dc798b3dc2e1a019b840ce5c8489639a7700aeef0b79	4042567cbff75168537906f8e6f3ed28	
f	usr/src/fantgpu-fh2m-kernel-2.2/fantgpu/fant_stackprotector.c	594	0644	47ee20542f130406b52b2e48992408e041a09fbcd3572805df49db03eb68b2c7	7d2a90b85a9ff49b387cf0a44c85124d	
f	usr/src/fantgpu-fh2m-kernel-2.2/fantgpu/fant_stackprotector.h	183	0644	7149b577114c99e4517b913d5bc2f0143dac0b2f13e075c594292827d2cf6a53	321d2575121223d75dda4caab5db7670	
f	usr/src/fantgpu-fh2m-kernel-2.2/fantgpu/fant_task.c	12023	0644	118045fcdc860f0bc53bd00284d28e91e9512959df67072dd5028f40f47731f4	74f5d80f2b6611ddc8ac07135fadba57	
f	usr/src/fantgpu-fh2m-kernel-2.2/fantgpu/fant_task.h	5783	0644	8f023af3efa629ebb92fd3babf50ab78f7a27ebe34f2185006e187c03b62f702	5a9065758c6cab4139cebe3912466234	
f	usr/src/fantgpu-fh2m-kernel-2.2/fantgpu/fant_timer.c	7908	0644	3e39753b7ed001ac35c13f2c0ab6d14ccbe843cbc7d434d3398f9c2704391cb5	3cd3613601dd5b186c68b0bffe4e5050	
f	usr/src/fantgpu-fh2m-kernel-2.2/fantgpu/fant_timer.h	3650	0644	d080fd5e9310ebcc06f51a3e5b0bd58d659d875b6914f99a67b7a8a0cb2de194	d0f77b81199262afae226cf9dfc37f4a	
f	usr/src/fantgpu-fh2m-kernel-2.2/fantgpu/fant_uaccess.c	4370	0644	92ca1f1e35294d3b908eb564cbbdffb8b8e749f7b19a59e78dd18a286c899936	8398a3dfbeb3c8233d1fed0ad5194e11	
f	usr/src/fantgpu-fh2m-kernel-2.2/fantgpu/fant_uaccess.h	2603	0644	a1cdb0f9e0423deab748e409dd4c7723620dc6fe6380babe107e1c69effc7a6c	548f2a6ca3edf991070525f402278a6e	
f	usr/src/fantgpu-fh2m-kernel-2.2/fantgpu/fant_uuid.c	3138	0644	79c65c16c83508c5787a4ebb7e2d4577c1d926c06e752cf241e2ef49694121f3	0763fb69871da94a2671850e2ef80278	
f	usr/src/fantgpu-fh2m-kernel-2.2/fantgpu/fant_uuid.h	2637	0644	6f9cb4c59f4b9d3187e5b6d026f0575017a38a386fa1b4b4326cc7c491f00235	a433e8d6e64c2b56f9febf5f5470c5ea	
f	usr/src/fantgpu-fh2m-kernel-2.2/fantgpu/fant_waitqueue.c	4649	0644	1c3a2f8cb53d5dbae353bac08dac11f54de6a1b08d6641e4b29cd890f84908d5	942d806a56b262ec490794321c537e3e	
f	usr/src/fantgpu-fh2m-kernel-2.2/fantgpu/fant_waitqueue.h	5821	0644	1cccc587e5aec7bbe3d732905a007cc87d046ba2001aaa59e5e8cea423567442	881da1fbfc333f343fe8ca20f010f2bb	
f	usr/src/fantgpu-fh2m-kernel-2.2/fantgpu/fantgpu.h	2384	0644	c073139db0f70539a84278dc94d1ba067904694e46d491d179760d5d73901c90	3641bd86163f797e4f2fc6c0b71b8580	
f	usr/src/fantgpu-fh2m-kernel-2.2/fantgpu/fantgpu.o_shipped	6903704	0644	bc2af0729b3eb1b3f25fe7487b4ffa808cb91cbd71ac3a9faa75fb284e4eb1e2	5842c74a8ded18642c3a1236b877897b	
f	usr/src/fantgpu-fh2m-kernel-2.2/fantgpu/fantgpu_ion.h	2784	0644	49a6e3117ad931e47bd503105676a05066773c65dc5b5fee0f23b19d0685568b	cabc82022c30e30ab1bf0a95108c90f3	
f	usr/src/fantgpu-fh2m-kernel-2.2/fantgpu/fantgpu_pci_drv.c	62413	0644	2bbc6000ad122ab639ecd53391fc6a3988e59492a0f289101e84b85525ceee62	4752b8babb1aa21b5a209df63a41fc53	
f	usr/src/fantgpu-fh2m-kernel-2.2/fantgpu/fantgpu_pci_drv.h	5903	0644	403a0500f8d5c739166d5f58301a8c37cf39f1dce6d3c40b3ee31d3569567d64	a4d3fe88d947dc48f585ba870ba97b15	
f	usr/src/fantgpu-fh2m-kernel-2.2/fantgpu/fixup_alignment.h	135	0644	e6a05d255bbc110a56aeede2a9202419f464e8fe375b0e31f172c622bebdef8b	3572ea45917fa802d5cf3704e0f4b878	
f	usr/src/fantgpu-fh2m-kernel-2.2/fantgpu/fixup_pcie.h	123	0644	a1ef94ccf5c6acf3625997549057b49b31cb8fdb854517e9dbe2806fc244df79	c4b4e9ee5d2926bd3cd3cd76bc39bdc5	
f	usr/src/fantgpu-fh2m-kernel-2.2/fantgpu/hal.h	50089	0644	fd63f71f8382880999e89d8b81538d90702330b79d0937edb876aabfdd901df4	9ec03fad345ad9770ac82622cd2245ce	
f	usr/src/fantgpu-fh2m-kernel-2.2/fantgpu/hal_bind_numa.c	6599	0644	7bb2d84e93700e0b7d6b39efae21503f2c892261bc91de9817022dad1d355d77	441007c16ccd535f1331c3e392b15f99	
f	usr/src/fantgpu-fh2m-kernel-2.2/fantgpu/hal_bmc.h	6690	0644	c37a083c1d27a535f4f710161ecdace205e975d111198d28f6fe74ddd8cb8f99	ae24e8ee9ee2a7f44aa0214411e9e401	
f	usr/src/fantgpu-fh2m-kernel-2.2/fantgpu/hal_dma.c	40981	0644	ce18dcd12904ed36d3688bd04c0debef2f688a10ade4bb32a1528b5d109dcb93	83e340a7f53249d6fa043ee7a9cd9175	
f	usr/src/fantgpu-fh2m-kernel-2.2/fantgpu/hal_dma_errors.h	2539	0644	17ea39b3b67a0ece9722675385143d74e31ae318913b2abfe1514a6ecd6ffc46	022cbe5a81124309e79d97eafc750c06	
f	usr/src/fantgpu-fh2m-kernel-2.2/fantgpu/hal_interface.c	13613	0644	c59b7d5981c2b317c8c3ebe9086dfb28deee7202668c5bb6da082504c3bfbf2d	e896b7cd9ce6bd8b7656b723e2abb79a	
f	usr/src/fantgpu-fh2m-kernel-2.2/fantgpu/hal_interface.h	54787	0644	c1cda95930e1148ef0ae2b45703585ce37eb38309cbee1312ac2d763314c927f	d1651e2d0e11d023a69989a783498116	
f	usr/src/fantgpu-fh2m-kernel-2.2/fantgpu/hal_power.c	13640	0644	8c8b10298d567eb9495c31772e7b651c4cd789f870d3d9093c60ac379cafe860	888af2563f589a52da8c78d447e5f6b1	
f	usr/src/fantgpu-fh2m-kernel-2.2/fantgpu/ion_lma_heap.c	12349	0644	f06eea5e55906885bffc867ec571a260f147ac2efb10974a69fa75df14c4ccdc	4569cd5329adb67a2270d0d2778d56d8	
f	usr/src/fantgpu-fh2m-kernel-2.2/fantgpu/ion_lma_heap.h	2743	0644	2a56d31412c99bfa35e49376142bda3fbb1d2b008285e81fa02b526725b3312b	4ab3a72e8e78a5f312c9b714cb88a522	
f	usr/src/fantgpu-fh2m-kernel-2.2/fantgpu/kernel_compat.c	4609	0644	d36d592493996e98d4bdcf39099fa07699ecc308e74e6e6865526fd42496ea2c	c6b8b276fb7966f0ae596b1b91d24c18	
f	usr/src/fantgpu-fh2m-kernel-2.2/fantgpu/kernel_compat.h	677	0644	b42f02886341ecf103e9fc2de43547d899025b8f983288333b07528d4293f2ba	57b10838f242ec8c46612dc3ad216bb0	
d	usr/src/fantgpu-fh2m-kernel-2.2/fantpmbus		0755			
f	usr/src/fantgpu-fh2m-kernel-2.2/fantpmbus/Makefile	229	0644	69a9d1d654b809977fc59057afc3986890cafd8a95e5983aa01001caa6a22600	e7a4f351b5cc861c04329675f1b786c3	
f	usr/src/fantgpu-fh2m-kernel-2.2/fantpmbus/fantpmbus_drv.c	14922	0644	2a880e65cfadfcd02b6a6b97304528c322237bee179de44cd4903cf020a67809	8c1cf29915ef1e074272bfb01504a3c2	
f	usr/src/fantgpu-fh2m-kernel-2.2/fantpmbus/fantpmbus_drv.h	957	0644	34ff020c20bb2285b0e4349e592d8ef780cdfae9e20df823700a445fee62a851	de3e899ca18754d5404bc81a08263b40	
d	usr/src/fantgpu-fh2m-kernel-2.2/fantpower		0755			
f	usr/src/fantgpu-fh2m-kernel-2.2/fantpower/Makefile	484	0644	25caad6cec3d6f34b7b0ee8cd2fdcc6fc0a7d52e5c34a0b1a2e3cca581f72442	b3769a4994787d6094ca1ce816d78194	
f	usr/src/fantgpu-fh2m-kernel-2.2/fantpower/fant_devfreq_gov.c	21784	0644	64bb4bd0cbfb67a431e56e482d9e803f9e774da9fcd365e651a8c16ff1e3ccf5	839e26ada00b0047b5e02e58b6169fcc	
f	usr/src/fantgpu-fh2m-kernel-2.2/fantpower/fant_devfreq_gov.h	2714	0644	3163d82443537f5c1585a73e4756d15e76ddac5e95faf570ee0439ede0c35382	653641d75d5f782243431b1245508800	
f	usr/src/fantgpu-fh2m-kernel-2.2/fantpower/fant_gs8601.c	3405	0644	e3ee3b73b7c686e59d4e98cd3cd8ed450808a31c38fabec90aa1df981276f80c	17f78006cc1bdeee2cf35ea2436e3f6a	
f	usr/src/fantgpu-fh2m-kernel-2.2/fantpower/fant_input_event.c	6074	0644	5d8ed937c2b598e1c89ab2d5e4b2a990052de57e13f85e2ac221e09e94366d7e	4676b3e8bb04065a696af24588402266	
f	usr/src/fantgpu-fh2m-kernel-2.2/fantpower/fant_input_event.h	171	0644	5c6ac2bb898ae6a142a951b84fd0205f4b1171ed11c4ce04c665e2a58420b917	db592e3c278815cbe841b62af0255dcb	
f	usr/src/fantgpu-fh2m-kernel-2.2/fantpower/fant_is6608a.c	3643	0644	b52a6458e82b506285b7a1992bdb4800a457818ab7af22726d726bc3b9c6d362	df82b391264291b494f685e70e7c33cd	
f	usr/src/fantgpu-fh2m-kernel-2.2/fantpower/fant_mp2979a.c	4589	0644	f4607876e8cb49b12433d0ad919d0c129afb4d5e2ea6aca1b57d83153d948270	6f6577125d4efba8ff5bf846973d45f2	
f	usr/src/fantgpu-fh2m-kernel-2.2/fantpower/fant_mpq8645p.c	3675	0644	532024afca6c22659cb9d76e05aa4337337cbe596d58097388b4ae0fcb306d0d	788ae0fcf35211f76ad310cba1c8b30e	
f	usr/src/fantgpu-fh2m-kernel-2.2/fantpower/fant_virture_chip.c	1712	0644	606dbd98fabd9b01f678aea9fe4ee18cc445fab3a3d5e0930a2759eb59433031	e6756bf9320711a4a8f7505646465290	
f	usr/src/fantgpu-fh2m-kernel-2.2/fantpower/fant_xdpe12284.c	3492	0644	1ec0d0360892b162e7406c7a826095b52b86ba40bf8a285de8abbbd59ad99e59	d4906b8fb8e65cd4d635e1b985a1f7d3	
f	usr/src/fantgpu-fh2m-kernel-2.2/fantpower/fantpower.c	45265	0644	08e1d9d5b079520ae5876885c03e5f6b128ab42ff970394451e5660d38666c57	8444735554cd7bcd922552a6f046285c	
f	usr/src/fantgpu-fh2m-kernel-2.2/fantpower/fantpower.h	2387	0644	985ef80b784e6bc855b545d062df6b788ab97c312b8ac58323a9bc466096d62b	1ace1b2d43ebe874a6ba65d0eedbd554	
f	usr/src/fantgpu-fh2m-kernel-2.2/fantpower/power_hw_info.c	1340	0644	314083db7eb7d7b68348e20eb019dce70d667aa31bc678e5c6baa4e58493a3fc	5362b7547fc68ca83bbced76496b36de	
f	usr/src/fantgpu-fh2m-kernel-2.2/fantpower/power_hw_info.h	175	0644	6a935e92ffb64e51faeafe8193c3205e2933aacbff7399ae5cd6a6cce77a9b5d	65e23068195e19c14c66782d780fca20	
d	usr/src/fantgpu-fh2m-kernel-2.2/fantsmmu		0755			
f	usr/src/fantgpu-fh2m-kernel-2.2/fantsmmu/Makefile	239	0644	97e76b076f060af99f8328b5c0d59e635f1ef5e1b485823d9a7465ac83cb60da	d68b72c97e5c5ba0eff2fc900a6739b2	
f	usr/src/fantgpu-fh2m-kernel-2.2/fantsmmu/fantsmmu.o_shipped	550312	0644	d26f15e1b93cc1fb5cf361246e0f5dae59f419c73f08dcfcf54b23b26e02a3bb	12699f02216b1e0ba6b996d37fc8ab55	
f	usr/src/fantgpu-fh2m-kernel-2.2/fantsmmu/fantsmmu_drv.c	5481	0644	cc92de2150ff4b67e7bd0cc348e12665eb3104a56a26b8b0e88d17cc295fff10	6b74076fcacfd1ac4e72741096ebf732	
f	usr/src/fantgpu-fh2m-kernel-2.2/fantsmmu/fantsmmu_drv.h	2838	0644	c72fcbad69527031c8aa8fa5014776ecf1833724518771aec3400aefa244a9f2	c510848ff561269cd60aa07f1573c270	
d	usr/src/fantgpu-fh2m-kernel-2.2/fantsrvkm		0755			
f	usr/src/fantgpu-fh2m-kernel-2.2/fantsrvkm/Makefile	2030	0644	937e684feb4f4820f4032796321a7af27d3e9f7ec5d5cdeca3551aea70e93fab	c6f0e7da56e14c9252e3dd42c03d516c	
f	usr/src/fantgpu-fh2m-kernel-2.2/fantsrvkm/config_kernel.mk	2099	0644	85d0378fe89d806da2e3d6896c97245e2a6630275732bef81447173ae67226c3	41071df066987850f89002d110b2767b	
f	usr/src/fantgpu-fh2m-kernel-2.2/fantsrvkm/event.c	16004	0644	a07a52ccef2451d7241607015d6cb3b881c55e26399f10aae52bb13e12faa6b0	5810bf197061222a3737c9e4e5ffd400	
f	usr/src/fantgpu-fh2m-kernel-2.2/fantsrvkm/fant_apphint.c	3552	0644	2cec1323fb25e8a6adaa7e411f85105ed814e90a21a4835f1070e50cfc7e35dd	3943677a04d1b113bd4fc77305eb0e89	
f	usr/src/fantgpu-fh2m-kernel-2.2/fantsrvkm/fant_debugfs.c	8779	0644	c96ec024503036baf2882bfa7333c79270d0f989638530a84dd2cdd96dfc9410	5aca84f687b933bb387676e3dbe1d0ff	
f	usr/src/fantgpu-fh2m-kernel-2.2/fantsrvkm/fant_ft_spec.c	3154	0644	cc75b68a99fc213996fa616b67ba8c8bb92aa1fa59f09ddeeb44d3e25056fc56	1001dbeba9f4791c99001bfa7eaa0db3	
f	usr/src/fantgpu-fh2m-kernel-2.2/fantsrvkm/fant_physmem_dmabuf_helper.c	17051	0644	e29c570c959e502428d5a297df0843d9d96a2dae4d2657d21db531bee0d20565	fb5d781d24d3d22abc3d35eaa92880ce	
f	usr/src/fantgpu-fh2m-kernel-2.2/fantsrvkm/fant_pmr.c	5800	0644	f7493c6455b941b288057b5dfba8297ec8899201a19b5687aa2b865c41c09b2b	320ea81b4f6328ab734466556bb15b4f	
f	usr/src/fantgpu-fh2m-kernel-2.2/fantsrvkm/fant_trace.c	2581	0644	2678bc3cad3f9fd3d2daf579b80967cfc46b649b1a2681a9923a4a4305f1dab2	7b2b8b0fd0a748e0de6445da41f03d65	
f	usr/src/fantgpu-fh2m-kernel-2.2/fantsrvkm/fantaudio_chip_common.c	12498	0644	d2d3f12a6fb6dd0176f1ac5924482cc9327ab0b7f859b9427f603df1e01d3b1b	e507c3b973e3eacf915ea243088c5b10	
f	usr/src/fantgpu-fh2m-kernel-2.2/fantsrvkm/fantaudio_drv.c	50979	0644	a37c6560a2534933dea7baf5f12da1f3b7736b280543070cbb083287cd4d2f31	6e4fb01d267a9174e3483c8a6a77745a	
f	usr/src/fantgpu-fh2m-kernel-2.2/fantsrvkm/fantaudio_print.c	3365	0644	e6b57bf0ea639b3a5c9c516f0e55717c73d77e57fc8b39162200d8039dba04c3	9c72113f9edccc23437a29efa5105628	
f	usr/src/fantgpu-fh2m-kernel-2.2/fantsrvkm/fantdpu_audio_api.c	7125	0644	6e548663ef247c87688d73cc6c5c688b0861dfb77bbb445201d8f76af46809b8	f475c1e64ecd75691cfdc3ac50e1f47b	
f	usr/src/fantgpu-fh2m-kernel-2.2/fantsrvkm/fantdpu_common_drm_panel.c	7736	0644	3c43dd6c460fa23a7ecf304ba99fdd648f51021ea502968af71c574aa26dcd0d	2097b8207c7cb65a5f9eabbc8026a047	
f	usr/src/fantgpu-fh2m-kernel-2.2/fantsrvkm/fantdpu_compatibility.c	3622	0644	9bd904c09a2122753b301a0c02e3a649ac9b6287e8129f0999cbeaf0fed8d0ba	36e8ba8080778b1622d39a029df62532	
f	usr/src/fantgpu-fh2m-kernel-2.2/fantsrvkm/fantdpu_connector.c	80134	0644	dbb00ea09b2c2b1c78a02ea67508053fa325ecc70d723039e57ed900a5089112	d187a892d8f0c961eea05198b1c776b9	
f	usr/src/fantgpu-fh2m-kernel-2.2/fantsrvkm/fantdpu_dp.c	86830	0644	0e0609d4d61e66be03135ed4f192d2e4fbdecdd34e2f5b09816fa3785ee2389c	4dd7040024020739d065de972b36f6f2	
f	usr/src/fantgpu-fh2m-kernel-2.2/fantsrvkm/fantdpu_dp_audio_api.c	3773	0644	46612c2d951e2fbfa0afbd4a18ecdb6c3b1750ab3cee53839994de9dac12d9e4	20bf8cdf3564112dbfb1009a3e5d2f28	
f	usr/src/fantgpu-fh2m-kernel-2.2/fantsrvkm/fantdpu_dp_common.c	4245	0644	ec7807a84de1b6a8284b694de273255a5d57694600173ff74633efeb93f1083b	68f7ca04120bd762fcf151169da3a4c7	
f	usr/src/fantgpu-fh2m-kernel-2.2/fantsrvkm/fantdpu_dp_debugfs.c	21370	0644	e9cf05aed2df5f1578cddb87d98a7dc93f2f94aea9492802fcf5434524c7e6b1	41a3dfd4dd7fe854af53306a0dac7a2d	
f	usr/src/fantgpu-fh2m-kernel-2.2/fantsrvkm/fantdpu_dpu.c	8778	0644	2267aba7d6661e6d0d627cd52c0de9e19cd25d517ab35a123f6390e4f95a7928	d1fa54b95ebcdf563a46871d9bae874a	
f	usr/src/fantgpu-fh2m-kernel-2.2/fantsrvkm/fantdpu_drm_debugfs.c	30515	0644	28902c65a849a0ba4ee572cc70b8131154717292b3854e511f4ef75ca94e31fb	13354f5126de4dab9bcabb81c2a882fa	
f	usr/src/fantgpu-fh2m-kernel-2.2/fantsrvkm/fantdpu_drm_drv.c	25144	0644	2014d57c49407d88013f6353ab60f73e2731e8c82990541bf2a8e08145c0ed12	990d826e1e4f14912f961ebda59b48ad	
f	usr/src/fantgpu-fh2m-kernel-2.2/fantsrvkm/fantdpu_drm_fb.c	20808	0644	fca4292d2fc90dc4ec0e908f8c2e90c8d8fc76490aae438e0f074480853c55b3	a4b1129397bf762c06116ed19bf64e2e	
f	usr/src/fantgpu-fh2m-kernel-2.2/fantsrvkm/fantdpu_drm_gem.c	91140	0644	83c0247e4ac7b914e62584882483bb946ae52a5bba49fb81caf3b450866cf0f8	96cb8c71e20e0ec8b45b8cca2acd95ce	
f	usr/src/fantgpu-fh2m-kernel-2.2/fantsrvkm/fantdpu_drm_modeset.c	15819	0644	02d8263d77c96346c7fcf06e421d522d616b1a4364839bc92403c1e2c5caf165	ea01fe1a99f6ac7004b8fd9e5920bab4	
f	usr/src/fantgpu-fh2m-kernel-2.2/fantsrvkm/fantdpu_drm_pm.c	12763	0644	93e2d8db4f03448fb055fbddb7e4599e645fab4ca3d9cf291e5e1de30ac8652c	086f23274049991175aeafde919f3ea3	
f	usr/src/fantgpu-fh2m-kernel-2.2/fantsrvkm/fantdpu_hdmi.c	55874	0644	0a2c21cf99b4aa35c2fa5bd3264455d730f32de25b2a089e44bf56f844efa2e3	fec784749b576451569540d1b6d62d40	
f	usr/src/fantgpu-fh2m-kernel-2.2/fantsrvkm/fantdpu_hdmi_audio_api.c	4088	0644	32396e4fedbbaf84740534e2596522a875aa12c8b40333073802bcb0025fe118	3885f5cbb707c41e23fd7af92cad72eb	
f	usr/src/fantgpu-fh2m-kernel-2.2/fantsrvkm/fantdpu_hdmi_common.c	11113	0644	498b2f2d6726685fbf3185e6a0f7b9de3b54b5f53b23a66ff2369f72d0efb605	32d68c368314371b4b8e284cc08d6e88	
f	usr/src/fantgpu-fh2m-kernel-2.2/fantsrvkm/fantdpu_hdmi_debugfs.c	22077	0644	ba68a9a568dec628d19ef4dc9a2246094fb3a31e6ac66af487a44375beed2c0e	dd39fcdca76166628269af82bcbbc9cc	
f	usr/src/fantgpu-fh2m-kernel-2.2/fantsrvkm/fantdpu_module_param.c	5346	0644	2214c2c4c1ea8df3a1b3d8d46f194f8a276292e5a3b53f6ce541443581d3664f	c12b516521fd482c0ace45ae9527f4c4	
f	usr/src/fantgpu-fh2m-kernel-2.2/fantsrvkm/fantdpu_panel_backlight.c	31334	0644	c1655321739a92e6122d6d389ce1d8ddd566cd7143ab133ca7cdd082655d473b	99c46d37c0a555da49df2ed20328e62d	
f	usr/src/fantgpu-fh2m-kernel-2.2/fantsrvkm/fantdpu_panel_pwr.c	17805	0644	1168a807f7d74b01dbcf144606d80c3c3add8f83d40646c218457b6fe31e024e	405d6271ea63fb53358e0aec4c9dc38d	
f	usr/src/fantgpu-fh2m-kernel-2.2/fantsrvkm/fantdpu_parse_edid.c	31790	0644	3d7a91676ae92d407d4fd270ed26bbc4eb0025678c5062b61a0b33efb0c1ee23	a02903fbcffe3b1c665cc8c57187dd3e	
f	usr/src/fantgpu-fh2m-kernel-2.2/fantsrvkm/fantdpu_pmbus_fpga.c	13508	0644	0ddd6c4db89ade457349383b5e9a051250609a6654d3ec567f73c0c0c207ba04	b45e46de0e23d7ffb79ea7391a76ba32	
f	usr/src/fantgpu-fh2m-kernel-2.2/fantsrvkm/fantdpu_vga.c	44648	0644	cef5dfa41db563604f9ec17a175bfcd5e229c0a9efbb8f5e205a1e54ece15cfb	ee6692f7972fb01e9de5d00f78c3c0df	
f	usr/src/fantgpu-fh2m-kernel-2.2/fantsrvkm/fantdpu_vga_debugfs.c	11308	0644	2c6ff4278fa076f52da413f6318bea9511f960be762d90aab8c4e306bcab6f38	ab2e5cd574c090ebd41f33d414b41c20	
f	usr/src/fantgpu-fh2m-kernel-2.2/fantsrvkm/fantdpu_vkms.c	15191	0644	32f9c7084d0e9192063777f40091c22ced74d8807d2fa54f4d8278edbef519c0	241c2e5fa432ba6f4884e5b370298a12	
f	usr/src/fantgpu-fh2m-kernel-2.2/fantsrvkm/fantgpu_drm.c	44784	0644	55881b5668ff93c75127291ae4b6e7d45424e12f1fe08734156c60e506f3b41c	1c3f637f737bae654b6ded9c8f659703	
f	usr/src/fantgpu-fh2m-kernel-2.2/fantsrvkm/fantsrvkm.o_shipped	50232880	0644	d0c83970afa9d5ae22dee889f83b371b9614ef57a088adc7cbcbd4f3c48d71f7	27c981fb2a61582c6ae2b2f2b1a34ff0	
f	usr/src/fantgpu-fh2m-kernel-2.2/fantsrvkm/ft_bridge_k.c	20965	0644	67608994c00a6d476bf7df2de102e3003777fae0b0122715487e0189f63f1523	d2c3c4a2cef9c26f41919cb61afc5a9b	
f	usr/src/fantgpu-fh2m-kernel-2.2/fantsrvkm/ft_buffer_sync.c	19522	0644	4e04e005aa1536963695c450b00416bca608ab9232eef0f13504fda705aba516	d32e23196917ae7f9cbc2519d1b84ff6	
f	usr/src/fantgpu-fh2m-kernel-2.2/fantsrvkm/ft_counting_timeline.c	10186	0644	74b2e4d0edb057681082eeb04a8be8a8d2a940cbebd06afd7f4025d2b8161c1f	cefa96dafb035660d25d56a6e4db164b	
f	usr/src/fantgpu-fh2m-kernel-2.2/fantsrvkm/ft_debugfs.c	15899	0644	72a2f69e0de2540b0d1ad613355fd95a3ddb55e4d3e27503a80e6aa67c16bfe2	5b5ee473cadd367780ba3c7800b10c43	
f	usr/src/fantgpu-fh2m-kernel-2.2/fantsrvkm/ft_drm.c	15914	0644	cccb79ae30134b8d8f603cc5af617d2699c92eab71a41f480a2f0dda1354cfe1	c59f5ce38f7368a3a7b44fd0b4c9bd97	
f	usr/src/fantgpu-fh2m-kernel-2.2/fantsrvkm/ft_dvfs_device.c	43393	0644	e546000735d6cbc83a57bb83e51d8f2a3a0bc24cdeda455e05a9e0c769ebeb80	dbc02057669cecb63afdd0275b021203	
f	usr/src/fantgpu-fh2m-kernel-2.2/fantsrvkm/ft_export_fence.c	7342	0644	0ac33c760f8901920617b007321bda12af669c28a8f7473101287293e637d944	b0ab086f1d388e31992221b885817a92	
f	usr/src/fantgpu-fh2m-kernel-2.2/fantsrvkm/ft_fence.c	35696	0644	5f190d58c1d45fdfac03be152827f39b2dc41d7d6ab2a70024940fcce50b585d	a1d5928552ad0769ecb78baa2c577db5	
f	usr/src/fantgpu-fh2m-kernel-2.2/fantsrvkm/ft_gputrace.c	56666	0644	fc1c94f76998ea060fd372765a4cd9517e22b154198547a1dcc30dbdd356f39f	3dcc1b87200452de489c6a49067ba277	
f	usr/src/fantgpu-fh2m-kernel-2.2/fantsrvkm/ft_platform_drv.c	12495	0644	ab0d240f41ad35e39893556dd6e9b02dfc41c46e7f7193d945aa22d2389b8bbc	8e2e3175a0d802f2c19bbd356a8d33bc	
f	usr/src/fantgpu-fh2m-kernel-2.2/fantsrvkm/ft_procfs.c	17704	0644	a7dfa222d0f4297a5eefa9ef9b582bc36fc9af4422f8964498786be741739605	c47092152e2fe9b5f05862bab33a14fe	
f	usr/src/fantgpu-fh2m-kernel-2.2/fantsrvkm/ft_sw_fence.c	7941	0644	8b9c58667e2334203bccb832a3a1b778d4385342ca87fca72e30183aea94913b	d8c607f00559f2588867b8763e93a20f	
f	usr/src/fantgpu-fh2m-kernel-2.2/fantsrvkm/ft_sync_file.c	48296	0644	fb4b1da6ad4ce240ff5aab395f4fffdac5b5864a9a6bb5326a766c930e24014c	aa73055aacd4931e804bcc5e8734b6a2	
f	usr/src/fantgpu-fh2m-kernel-2.2/fantsrvkm/ft_sync_ioctl_common.c	21459	0644	69d0569b4c645c6c0c82eeecce127755f6ac5245de44f5864c3af58dff2a26b3	5f2d5e956f07586dc06c49bb183844e3	
f	usr/src/fantgpu-fh2m-kernel-2.2/fantsrvkm/ft_sync_ioctl_drm.c	5928	0644	c9b747ca514814c79849a3ba92202deecbfd9b1b73f09ccf3831ad21e998ed95	2daa2e4ab01e24c120289799b088d331	
f	usr/src/fantgpu-fh2m-kernel-2.2/fantsrvkm/g3_ne_hdmi.c	29126	0644	e7dc2c19e8e5d6188a169cf95a191840303607a36cd29ec6e498d308fa1e2574	2f0c339ab92de806f60dbb3b0f0f0636	
f	usr/src/fantgpu-fh2m-kernel-2.2/fantsrvkm/g3_pdp0_hw.c	3852	0644	44ba96b7bbb98fc7d5d3eb1237ed8bacb4f381b41aaf4a1bdf9bac8e294d1050	adfbeb7a7ffbc24cdfe32e20b37e6702	
f	usr/src/fantgpu-fh2m-kernel-2.2/fantsrvkm/gen_g3_ne_hdmi.c	17883	0644	85a33002f2d3d62dafd6fca089de0cc5aba930153d74db6e2bcd10541d70358a	1ecae61259aa969d39b1084873c2f87c	
d	usr/src/fantgpu-fh2m-kernel-2.2/fantsrvkm/include		0755			
f	usr/src/fantgpu-fh2m-kernel-2.2/fantsrvkm/include/allocmem.h	10398	0644	feb5e7d912c4c2c19a963ffc80f61d0cd2541adfb77966ee01b425736b42d3d3	db11838462b1bf5fe4448741330558a1	
f	usr/src/fantgpu-fh2m-kernel-2.2/fantsrvkm/include/cache_km.h	5895	0644	21325e968f63854ab94a0668ec2c1a0ce568cf242254b2b67032f83d38d880d6	016a3cfbd2647eb7797f5fe5a0ab1921	
f	usr/src/fantgpu-fh2m-kernel-2.2/fantsrvkm/include/cache_ops.h	2971	0644	20fb4d37b2b3d1ca6e9734ded2d981a38eba5d45dbf67ba6bd30d7c272918eef	eee458193de160e4b1755915d0d7a7b1	
f	usr/src/fantgpu-fh2m-kernel-2.2/fantsrvkm/include/common_cache_bridge.h	4720	0644	5b0d6fd1e3ab5029bc2217fc4425649f08f16063bca5dd2a11d0e07f92ee4621	37ca77701ea4a20015a9c61216bceb0b	
f	usr/src/fantgpu-fh2m-kernel-2.2/fantsrvkm/include/common_cmm_bridge.h	4598	0644	450aa1f512ca4e5057ddaa7cb544fa0a0451b36a3f4d0514fb2c79c7e3bb2235	7a3398c3afe635b2421db9e68d4c8a28	
f	usr/src/fantgpu-fh2m-kernel-2.2/fantsrvkm/include/common_devicememhistory_bridge.h	7270	0644	2798a5eb7eac5887f80881a78f3fef86cf9340fadef0ee4bf84c8c439db47a46	6bdaec06d0345b914c91148a48936b44	
f	usr/src/fantgpu-fh2m-kernel-2.2/fantsrvkm/include/common_di_bridge.h	5604	0644	fa1ce2e5fff5a8a1a77cf7650de687ae8b05e7d05076dd01a64afd935b1879d9	e5e8515132f82dc2a40e6303eb1d1216	
f	usr/src/fantgpu-fh2m-kernel-2.2/fantsrvkm/include/common_dma_bridge.h	7193	0644	735c32684325261770832cf72572623be668031cf821bfc1afb02d64e011dd5b	a6140869a2411fb0902b4e73769b1f2e	
f	usr/src/fantgpu-fh2m-kernel-2.2/fantsrvkm/include/common_dmabuf_bridge.h	5625	0644	da725a9688ee0068e9428a56c9c0c2c4b70ea14212b0c7535b327d25024eaee0	bf9600b17082b00b52aa9efbe087f2de	
f	usr/src/fantgpu-fh2m-kernel-2.2/fantsrvkm/include/common_fantgpu_bridge.h	3860	0644	e288d613435229c1b8292827f553e97b88e834727b370396e13571de9a3d6fe5	650d17f26c9c0ffaeb3836da079a80ed	
f	usr/src/fantgpu-fh2m-kernel-2.2/fantsrvkm/include/common_fttl_bridge.h	7420	0644	95b6e0acd782358b9248fcb1d9bcfcffcd790d1ded5824f081b87d10697a5b09	255a267f0ffb8c6aa46733ad3092a1f1	
f	usr/src/fantgpu-fh2m-kernel-2.2/fantsrvkm/include/common_ftxcmp_bridge.h	10951	0644	a290a49d09eb9a455831a16a7a44f451356e46112faa97523430b34f6c269a5f	a4ad245f648ead719b22b6d8d53639c0	
f	usr/src/fantgpu-fh2m-kernel-2.2/fantsrvkm/include/common_ftxfwdbg_bridge.h	13331	0644	8a550d13eeedbc4f9a4e3c259de290eadf0c8e8670fc36845c4d00a895bc855b	ccc6465e2d707998f0575e0233623ea6	
f	usr/src/fantgpu-fh2m-kernel-2.2/fantsrvkm/include/common_ftxhwperf_bridge.h	7564	0644	736b49afb9e04dbcdf63f37f407bbf4a2ca896572502c19029eda7911eb02850	2c0245e2b86f6babfca8e26f5c352a84	
f	usr/src/fantgpu-fh2m-kernel-2.2/fantsrvkm/include/common_ftxkicksync_bridge.h	5766	0644	e916699368daa87a3312dfbe44f66278bc7ff3d0e5c102a95aa1ca95fb82d964	d0564aee6b38c39b0b235139feb261b1	
f	usr/src/fantgpu-fh2m-kernel-2.2/fantsrvkm/include/common_ftxray_bridge.h	5177	0644	3dca19d594f97a5c4c898d44d5f1271df717d1a38cb9b647c1286b5d006194a1	ef4e9090e178a9cc3cad15760383eed8	
f	usr/src/fantgpu-fh2m-kernel-2.2/fantsrvkm/include/common_ftxregconfig_bridge.h	5801	0644	bf2306790307bd3a3cfa1ea57501ef22b8361d7339cccb2927f9f3238ab9f029	911ef40aba89a7bf044e0e509e7f8e36	
f	usr/src/fantgpu-fh2m-kernel-2.2/fantsrvkm/include/common_ftxta3d_bridge.h	16048	0644	2a775332cdee65ad517a7a77fbf008766ad2fc3b51105d711d3f5d7f4c32f8f4	a5a19781e0b99dce0305dc0600c5d4e1	
f	usr/src/fantgpu-fh2m-kernel-2.2/fantsrvkm/include/common_ftxtimerquery_bridge.h	4585	0644	ff0eddf2ca9497704ae8e6aa7417cbc28dcc5adc9b29a29f574cbf754324ffd5	571fd9967dd11b3a247901120dcf7ac6	
f	usr/src/fantgpu-fh2m-kernel-2.2/fantsrvkm/include/common_ftxtq2_bridge.h	8892	0644	367f4b933d9b000205e85265b63f4a79b40a674c02757b17fe4323014564d233	4322fe2464c564e3abed3efa0a666825	
f	usr/src/fantgpu-fh2m-kernel-2.2/fantsrvkm/include/common_htbuffer_bridge.h	3471	0644	fdd8eea23463f20f581a14faf474efc2575080c09c8b24c93fe5311f3321e2cd	330885b9027b02725f85d440573490aa	
f	usr/src/fantgpu-fh2m-kernel-2.2/fantsrvkm/include/common_mm_bridge.h	32511	0644	8a1317fe38d7e7d0357e7c1a1f10021896c77e5527523f9f478c34f5042806f7	8c5e85b825933c189bcd675824f9495a	
f	usr/src/fantgpu-fh2m-kernel-2.2/fantsrvkm/include/common_mmextmem_bridge.h	3479	0644	a0b15984c1b470bbfb612d2bf2487bc8ec7faeae85654b015419ee20c73d857b	be68b419e5768305aef30704e6e9fdbb	
f	usr/src/fantgpu-fh2m-kernel-2.2/fantsrvkm/include/common_ri_bridge.h	7977	0644	072cfcb3be8f5515d7e613331d4b809513bb39ceef033ec46e13b0b9268c6922	fbe61ff20362b3d8d5746b2e50380874	
f	usr/src/fantgpu-fh2m-kernel-2.2/fantsrvkm/include/common_srvcore_bridge.h	13379	0644	f98b10476b8608742618727fd884768e86bb0d465a37057f2198a9847cf39904	b3954a814fb0e1090854799117291a88	
f	usr/src/fantgpu-fh2m-kernel-2.2/fantsrvkm/include/common_sync_bridge.h	9053	0644	a1c04a2c286e04443a6ab85b7d95f012f7d35567e376d0072a6145a4966bc8da	c3e10227d5ce11255afcec49ca566492	
f	usr/src/fantgpu-fh2m-kernel-2.2/fantsrvkm/include/common_synctracking_bridge.h	4145	0644	e069ee2783d1efead73edba00a9fbedb99a57019542cf02e0021f8bd6a14701e	fafddae7f3cc2881a3a5a1a840cfb988	
f	usr/src/fantgpu-fh2m-kernel-2.2/fantsrvkm/include/config_kernel.h	15826	0644	7b9ceea1bf6356c90c50bb57c5c00bd7e16cb25868dcc93d9762da189588a901	0ec13ac2cfebac95ec9c73c552bcc43e	
d	usr/src/fantgpu-fh2m-kernel-2.2/fantsrvkm/include/configs		0755			
f	usr/src/fantgpu-fh2m-kernel-2.2/fantsrvkm/include/configs/ftxconfig_km_35.V.1632.23.h	6973	0644	22e571bcb4cd8c673ba2f2e1c0820e34c11638e8f54ff7606d6e6bdfa99bab70	18301df49c953908fd4abded45783785	
f	usr/src/fantgpu-fh2m-kernel-2.2/fantsrvkm/include/connection_server.h	5851	0644	4718ae56404a8caf4f5c71d4432b7bec02c8d82efe99dfc834ac42082ee873a1	5a93ea7ea35070fb185d51c0375bbb9c	
d	usr/src/fantgpu-fh2m-kernel-2.2/fantsrvkm/include/cores		0755			
f	usr/src/fantgpu-fh2m-kernel-2.2/fantsrvkm/include/cores/ftxcore_km_35.2.1632.23.h	3243	0644	929694e40d2bc92ebce11577d1ee67421e5825c688536784040b81c265f6de37	70a46c22bcf2f3a81a3ff004178e830f	
f	usr/src/fantgpu-fh2m-kernel-2.2/fantsrvkm/include/cores/ftxcore_km_35.4.1632.23.h	3218	0644	6d156893916b1993ae888f000d4c7b438f3c7c9c378a63e969eef55ce72aa464	f7f50f9000377229576aef779a8594ad	
f	usr/src/fantgpu-fh2m-kernel-2.2/fantsrvkm/include/debug_common.h	3453	0644	1c02c580348f4a97df9fb9897396044fcfe79ca1378a055c9a297a710b9ddc7d	75d802cf63d05a5c9da7b6f4cc54f16f	
f	usr/src/fantgpu-fh2m-kernel-2.2/fantsrvkm/include/device.h	28084	0644	3f6c6f72b9d125aa2faf9a309d1915f2798948b536f7b4c8ab2de0ba87dd65b8	62f4197e86bb938c47f44bad1d8f47a8	
f	usr/src/fantgpu-fh2m-kernel-2.2/fantsrvkm/include/device_connection.h	6915	0644	b53f82076dd6c1062752ca2ce8a7c128a34ac8fd53e5060d0bdce768d8058677	573b8cbc3683129cc4cb30507ef76f8d	
f	usr/src/fantgpu-fh2m-kernel-2.2/fantsrvkm/include/devicemem.h	26593	0644	73c5f4814c2bf3f6f12252c69d60eba0909edab76c17b71998657f5ec4362350	d959db5f8b03a5ba9f93c57549e590ed	
f	usr/src/fantgpu-fh2m-kernel-2.2/fantsrvkm/include/devicemem_heapcfg.h	9803	0644	e9628676b3c82641885858eaf91a71dc73a70305b2e16aca610b17eef4638dd8	b97d4f3308c57ab6dc2adb409c3e565e	
f	usr/src/fantgpu-fh2m-kernel-2.2/fantsrvkm/include/devicemem_server.h	33649	0644	3350db3784275d4c6c7925a5eb5d166be1df7fd3d8be56dff4b0899494e861b6	a80683639c815d356b805d19b3d334f9	
f	usr/src/fantgpu-fh2m-kernel-2.2/fantsrvkm/include/devicemem_server_utils.h	6921	0644	87ffb98e18e1a414fc0f6cfafc692dd2cd303aba2d6627d739d2d74758a878f8	8bc542f0c54883ec696f0e830f197af9	
f	usr/src/fantgpu-fh2m-kernel-2.2/fantsrvkm/include/devicemem_typedefs.h	7468	0644	e68853776b9dbebe5387a1b5fb897c332d39d500b7abd70650c6c3c66cb83605	8d209fac4543a9e493fc6b26e0ea17f6	
f	usr/src/fantgpu-fh2m-kernel-2.2/fantsrvkm/include/devicemem_utils.h	26476	0644	66c2da6800ce7d50e89852d0784b65f60cd4a6803b71fde6c5b08580c5fd3ba6	7633f07d768acce43e1cc9007396b4c7	
f	usr/src/fantgpu-fh2m-kernel-2.2/fantsrvkm/include/di_common.h	8633	0644	9c04dc0f8e22755b05a7ba57ccb8197539cae91174752abdb9d5c56c04d9bd5a	eb43963b8cf095dcc963464e50e5d477	
f	usr/src/fantgpu-fh2m-kernel-2.2/fantsrvkm/include/di_server.h	7198	0644	79d0632971409a5320f1c09980e88462fe4f070c19b0b94163c7740f7bdc2f78	106c6bffdc3c47b10842df6bfdf014ff	
f	usr/src/fantgpu-fh2m-kernel-2.2/fantsrvkm/include/dllist.h	13585	0644	467a5177ce143e2fd54fa375911a3004b34873130a1e8655cdeb1d0f29a28581	99bc383a801e8c61dea8f0fed37be659	
f	usr/src/fantgpu-fh2m-kernel-2.2/fantsrvkm/include/dma_km.h	4500	0644	1d8789639952b143964c98b9647a6059ffa7a91e7a0dafcc358d1dc0638dd56b	cfb7f6587c823a90c99ab7b072df83fc	
f	usr/src/fantgpu-fh2m-kernel-2.2/fantsrvkm/include/dma_support.h	5239	0644	fe6632d6119eeae14e203f729a7228777641784929669a51c6afa6a8279c73aa	b7632e5aa19d7c24d1147a04b76bc966	
f	usr/src/fantgpu-fh2m-kernel-2.2/fantsrvkm/include/env_connection.h	3473	0644	24a12275df829020154b37354a5c9c7f576e0d6157067c2e7e40a1259f6221de	1fa2e280b2cc7f002837b086252ae059	
f	usr/src/fantgpu-fh2m-kernel-2.2/fantsrvkm/include/event.h	3017	0644	0c1c0c835f5af89911e697a388e59266b7d18721f7cb75ae040b7da0e826cdb6	c48775e0b260c7d6f8fd2831a4f1a09f	
f	usr/src/fantgpu-fh2m-kernel-2.2/fantsrvkm/include/fant_3dtypes.h	10258	0644	0d1d4c5ee890e7ed0fb560df8e1f4d0931267473da3aecbbfa31cd79171cd9e1	529d727ab93521899588d81e93e6349f	
f	usr/src/fantgpu-fh2m-kernel-2.2/fantsrvkm/include/fant_debugfs.h	3529	0644	630f1d483d97cde6fe5d6e99f269e697de64117c5de0fc53cf1ea88f6e5eaef5	d28b8eaa1eab54dad138ce040b034537	
f	usr/src/fantgpu-fh2m-kernel-2.2/fantsrvkm/include/fant_defs.h	20196	0644	ea1596d88d9a9760148fd67a6524f169b2f9371d966f9de0ac9b408457ce1929	beaa1494ec182b5f5fc2196665a8c4df	
f	usr/src/fantgpu-fh2m-kernel-2.2/fantsrvkm/include/fant_drm_fourcc_internal.h	5327	0644	d2008848a375ecb0abb1811b5f50c5b0b49e92715bd621f18847ea5d1a9f44f6	b2e411561a571f6866322b95858eac4f	
f	usr/src/fantgpu-fh2m-kernel-2.2/fantsrvkm/include/fant_drm_version.h	4092	0644	9965303025e0978a4a65f5d56510f887b0047620206f2af923940335c4a1ff25	445e0bdef969204b05aa817db733db6e	
f	usr/src/fantgpu-fh2m-kernel-2.2/fantsrvkm/include/fant_elf.h	4019	0644	6b39547b4416e9a5ac05f3487ca1c2c993344a7f1bbe15efe295aaba07d85412	4296976ca2ede166f455e9ea1da45fc0	
f	usr/src/fantgpu-fh2m-kernel-2.2/fantsrvkm/include/fant_ft_spec.h	2386	0644	b42fea86d290e4e454e54bfa4d4d404b8e5e56365161de7f5606c2190e71b116	c050aa8f34db52661749253829979a68	
f	usr/src/fantgpu-fh2m-kernel-2.2/fantsrvkm/include/fant_physmem_dmabuf_helper.h	3027	0644	4d1feace0af9295894edaa4a4b47eb42fea9b4cce2a58edc35d321baa0f83e1c	c430a7dcb60a79ac969cd5289f64bc7b	
f	usr/src/fantgpu-fh2m-kernel-2.2/fantsrvkm/include/fant_pmr.h	2222	0644	a283b5d07e39c62ed1778a116a3b93e86dc40dc55a04115d8b50cfbebe408a2e	4d5f40449e04d10f6c37cb86bc15098b	
f	usr/src/fantgpu-fh2m-kernel-2.2/fantsrvkm/include/fant_trace.h	5185	0644	f5a1a45d32b0d0091a35b7ace426e7080fe9a6ec177e1b780718b6890b2d1fe6	c3fdfa3627e6a93f4114fa8e8f94e0ab	
f	usr/src/fantgpu-fh2m-kernel-2.2/fantsrvkm/include/fant_types.h	11072	0644	87947eb03c839fef6258f0c69b2bb342242e3305c1f21106ae74c8ced39f76a3	e8d00bca985003fa6ec382d4ee91d98b	
f	usr/src/fantgpu-fh2m-kernel-2.2/fantsrvkm/include/fantaudio_chip_common.h	3393	0644	20fe97b1f621afd6eb4ac9b48da85d481333b11b5d905055c1b024d12e1f24d6	affc297ed74606d7bdb3d0fba425dcbb	
f	usr/src/fantgpu-fh2m-kernel-2.2/fantsrvkm/include/fantaudio_drv.h	5564	0644	24f81e4f5cab53c74fa3727104b571051b521c71fec4d8d18ee5b4a80b547974	35b389809332e6b10920d6beb295a9c6	
f	usr/src/fantgpu-fh2m-kernel-2.2/fantsrvkm/include/fantaudio_print.h	2530	0644	0327cc54d37a11459df60d40da9497bbb1918aff3c023fd5238f2822b44421b3	710e6d43b56c5836675a49ffa9c85500	
f	usr/src/fantgpu-fh2m-kernel-2.2/fantsrvkm/include/fantdpu_audio_api.h	2813	0644	7853737debfab92d3bc4918eca14336e0d6d9a21645fdcdd0ef19ec672cd9178	396c95413fe0954e13cdc26784c56757	
f	usr/src/fantgpu-fh2m-kernel-2.2/fantsrvkm/include/fantdpu_common.h	18311	0644	522c788f532aeca4f77bb384d34fd29db0b5bd8cf24a79554800088d19229d3b	e25522338b7de15ff46e6b138ad2a85f	
f	usr/src/fantgpu-fh2m-kernel-2.2/fantsrvkm/include/fantdpu_common_drm_panel.h	7026	0644	be945d02a12da92b8de09528cadc701cb84497f483b229357814106d26a92da1	b8c060781f8b10494f3959d67b53ba08	
f	usr/src/fantgpu-fh2m-kernel-2.2/fantsrvkm/include/fantdpu_compatibility.h	8893	0644	845b006841f0064cc86240b14a9ab83c65c6f6878743258c50e2f20b05b750e6	d6b02554301c550ef310720fd84acc5b	
f	usr/src/fantgpu-fh2m-kernel-2.2/fantsrvkm/include/fantdpu_connector.h	11265	0644	796a363096e81eaa01ea9c68df28914844d322b564e9944137ad2f872ce90e68	0e3186e985964d310e3ed2e2a5938694	
f	usr/src/fantgpu-fh2m-kernel-2.2/fantsrvkm/include/fantdpu_dp.h	5457	0644	a167dd9b7c88f4c7c3ce979fc4b1e0405289eaffd46d06ea2bd21fdeada74dea	15d8e479b0f6a89b13ffeea5d9db6ca0	
f	usr/src/fantgpu-fh2m-kernel-2.2/fantsrvkm/include/fantdpu_dp_audio_api.h	2679	0644	adba858ab79350dd357a465657457d13c37b83bda3a31e26e8ecb39b0cf87217	6e0fec8a8f61779c0b09ad65d76997e1	
f	usr/src/fantgpu-fh2m-kernel-2.2/fantsrvkm/include/fantdpu_dp_common.h	13642	0644	9d7213302b3d3bc1c5981255c6a8d349991002c60b9103009d3679d9316d4bf8	d1b90200db754732f759d56615115c17	
f	usr/src/fantgpu-fh2m-kernel-2.2/fantsrvkm/include/fantdpu_dp_debugfs.h	3065	0644	cb7d85871d32dd119c5973a2948fd47682feae41637ef0e491c9f925d7d1ab55	c6d6143bf095d06bd0056967fb5fbad7	
f	usr/src/fantgpu-fh2m-kernel-2.2/fantsrvkm/include/fantdpu_dp_vcodiv.h	4976	0644	75e33d34af454aedf3a38a032e64e5e21192167181ca9c617c33c1c5429202ed	c8b503a671a5349d3c68024e6e5247b1	
f	usr/src/fantgpu-fh2m-kernel-2.2/fantsrvkm/include/fantdpu_dpu.h	2457	0644	e5a74f64e53060848d85463afacf5cd6867d0fd86a3585269f9ad473678e2e23	996ebac98b0b744e5155369d8e1f503f	
f	usr/src/fantgpu-fh2m-kernel-2.2/fantsrvkm/include/fantdpu_drm_debugfs.h	2709	0644	ea9ba313eaab4c2692cac7bfbffc6e6aae0172a161c5a84e9569a4668561913a	893746136ee63a781f272a757a059ebf	
f	usr/src/fantgpu-fh2m-kernel-2.2/fantsrvkm/include/fantdpu_drm_drv.h	4641	0644	9470b462c3a064f787c9ca3658e3bdb9325db9d439c314e93d7ff24d4f900669	f63f83d91b07845c08a34c4b1254aa76	
f	usr/src/fantgpu-fh2m-kernel-2.2/fantsrvkm/include/fantdpu_drm_fb.h	4068	0644	b99b059797feb75f15ae7026fbd73643b615ae7eafdf91cbe0d43baef1df6ff4	bf9d18737627763c63dd394f085c1bdc	
f	usr/src/fantgpu-fh2m-kernel-2.2/fantsrvkm/include/fantdpu_drm_gem.h	8178	0644	b8162de9b6bf8f934c1a5e0ea7ec722baa1dbde760f4eac94bf93dcdf41c3ee1	e12c7c5f462967a4d097d48113be10ab	
f	usr/src/fantgpu-fh2m-kernel-2.2/fantsrvkm/include/fantdpu_drm_modeset.h	2620	0644	caccea87c7e37a43529f4f2f7ccecd144e847358a7e67d10867b431667b4343b	4086893767a83779eb01617c68cbb414	
f	usr/src/fantgpu-fh2m-kernel-2.2/fantsrvkm/include/fantdpu_drm_pm.h	2756	0644	1607fa33ca84b7cfc450041ac03065ce0083f91178d6a7ef3852972cc2c102ff	ed09aabff2ad3a80ec046e03a204f872	
f	usr/src/fantgpu-fh2m-kernel-2.2/fantsrvkm/include/fantdpu_hdmi.h	4465	0644	83af1a1d545336df0d9cd631b63a905f5d6db04dbd2cbc71b05981b2ffbc8eee	c33f7ea427368f7aa73ae94b0be35b9e	
f	usr/src/fantgpu-fh2m-kernel-2.2/fantsrvkm/include/fantdpu_hdmi_audio_api.h	2712	0644	3edff66b94046c114c66935826e6959198ed71af8220273a9afb131d9c7184d3	a87083d122707fb85e37cc4ff2a915d9	
f	usr/src/fantgpu-fh2m-kernel-2.2/fantsrvkm/include/fantdpu_hdmi_common.h	10919	0644	0e959ed782f38b6e25860cc8a82430b9d39b7b926b873ed37034b2d3acaed8ee	09243671bdbe8417603bae0c75ce7f3e	
f	usr/src/fantgpu-fh2m-kernel-2.2/fantsrvkm/include/fantdpu_hdmi_debugfs.h	3028	0644	8023073a39effaa227775334a5721501119b29c066987978ca667cf90299901e	942d3718ae13b49c4e8e582913d901b2	
f	usr/src/fantgpu-fh2m-kernel-2.2/fantsrvkm/include/fantdpu_module_param.h	3382	0644	b4387ff003fdaf7d6bd24e24b2bc0b7dcf8853ba432382c15451a063d839a624	c42ed5eea0528542f938b5ed54cf6a6a	
f	usr/src/fantgpu-fh2m-kernel-2.2/fantsrvkm/include/fantdpu_panel_backlight.h	1506	0644	59c95c87aff440508283ebbe8455cf2785afcb121242b602c1718d9f522391b2	ddca7abd20ab2a1eca1d6826b1c15db5	
f	usr/src/fantgpu-fh2m-kernel-2.2/fantsrvkm/include/fantdpu_panel_pwr.h	828	0644	b1ff455a1c2948ab3505ca56dd119056e9c9e7eeb6cfc74dbedcc08cda15660c	0247726503e2c988f56198897693c281	
f	usr/src/fantgpu-fh2m-kernel-2.2/fantsrvkm/include/fantdpu_parse_edid.h	11606	0644	9d4332dac44244d1c8d7f170e9e07e92885f1db43bfcf205df7aa86dfab595e0	e0913ee4ed5d54152e215435764838ba	
f	usr/src/fantgpu-fh2m-kernel-2.2/fantsrvkm/include/fantdpu_pmbus_fpga.h	16155	0644	d5e499729daa18288cbef54cd93c9a317a6946dd32d9287f6fd763f3f367c1bf	a4d9bca43aaecebafc8484b1f1e038d6	
f	usr/src/fantgpu-fh2m-kernel-2.2/fantsrvkm/include/fantdpu_vga.h	4376	0644	c7e24a6e441ce3019ba9d8bc523c2a5cad9b3d2a47ef00dec6e1d471cb94f76d	d7c1c002877272a0d0dbda22dd172cb6	
f	usr/src/fantgpu-fh2m-kernel-2.2/fantsrvkm/include/fantdpu_vga_common.h	4345	0644	dc05962b2b7e9665a3552407047896dfe8f2dad226b3a91c7d9ece145a26a7a9	2c63a51b1521153342a4bc805abeb6f0	
f	usr/src/fantgpu-fh2m-kernel-2.2/fantsrvkm/include/fantdpu_vga_debugfs.h	334	0644	9d2f717899924abd4b58122848caa38cdd0a9e59c9b476a93f6c8a233bb410e4	7dabcc6eafc3780dcef2a61f1967dd9f	
f	usr/src/fantgpu-fh2m-kernel-2.2/fantsrvkm/include/fantdpu_vkms.h	2402	0644	e13695d25fb04305f60ac8ea17a55389ae263f0b519a49ff8f98a8af9fa5217d	e1812e32c377afc968a9a66df2918ca0	
f	usr/src/fantgpu-fh2m-kernel-2.2/fantsrvkm/include/fantgpu_defs.h	3437	0644	60352faac59163b132588c79134b337c133c92cc4d5de2636c21979253a71172	4de969c8bc7e748699763a092898b1c7	
f	usr/src/fantgpu-fh2m-kernel-2.2/fantsrvkm/include/fantgpu_drm.h	6954	0644	359dfbb29be542053aec068bda898ca008c947c58bdf9a6eb53f63f3e3d2dbeb	d7c5658ba62385c4dd08085f9a5932e4	
f	usr/src/fantgpu-fh2m-kernel-2.2/fantsrvkm/include/fantgpu_drm_init.h	2365	0644	6a5fc2df7c508d2e0f4e6bcd03e06a530bef41cf26668bece4f5c9ce2e428e36	3e126b1ca2ba7a76f0de555750a4b678	
f	usr/src/fantgpu-fh2m-kernel-2.2/fantsrvkm/include/fantversion.h	805	0644	622c38418313aa16971e1756585406a41c3c44e642c0af67d3a948164e8e9d37	832916a6011d537fb223d82f8d27c6c9	
f	usr/src/fantgpu-fh2m-kernel-2.2/fantsrvkm/include/ft_bridge.h	19125	0644	f3b385d1c20ba60fea6171e5484f77278d6ac7f4dbca43021c85cf33990a7f24	f4b2447f2269d36800fca06e84d193ca	
f	usr/src/fantgpu-fh2m-kernel-2.2/fantsrvkm/include/ft_bridge_k.h	6427	0644	8310eb9505d2c55301ab8ec8138dc935261c853d620cd324366aeb0a3ce7eabe	e1dce212f4b1447d1415ed7e5babdc33	
f	usr/src/fantgpu-fh2m-kernel-2.2/fantsrvkm/include/ft_buffer_sync.h	4965	0644	5f9557c5277717f04532f6c87d43e2ad6fa91ae47a23a995be02ca673d8863e1	ba4a49dc0ff5c0c1cd78eb162018e30c	
f	usr/src/fantgpu-fh2m-kernel-2.2/fantsrvkm/include/ft_buffer_sync_shared.h	2732	0644	8a6be3fdf784ca0c8d491e8d766abbb2e502e768b9d268b86983aad7cfea7fbb	6a632ee1bde8f6790900b54ff111d5ff	
f	usr/src/fantgpu-fh2m-kernel-2.2/fantsrvkm/include/ft_counting_timeline.h	3231	0644	6b9fd76b5bd07e98cbc9e576783a8f37ea6d0fa4b206017529ea693d91f84928	a37fe2f0018b0c9edf0410bf68de81e5	
f	usr/src/fantgpu-fh2m-kernel-2.2/fantsrvkm/include/ft_debug.h	41156	0644	05c59da2fb6deb1967ace00cbda084c91d26da460a8ef612e73de8c26cc7c911	1216833fff1e0c80c95931d0e8a65337	
f	usr/src/fantgpu-fh2m-kernel-2.2/fantsrvkm/include/ft_debugfs.h	2446	0644	cc11bb53101e8e42375a1c502604073d9602f4dce81ceb646167891ddb0310ee	52461a8680d6b679d02e8b594ebf3c6f	
f	usr/src/fantgpu-fh2m-kernel-2.2/fantsrvkm/include/ft_dicommon.h	2706	0644	5a20f5ceececd6eedbece3b35f52a87b6a53d9b0f38f26d3f633792f1a530c1e	d387d37543619abe2a8e547f32835b0b	
f	usr/src/fantgpu-fh2m-kernel-2.2/fantsrvkm/include/ft_dma_resv.h	4116	0644	ee15c2184a717d2ffc71433cd2af6bcfdcc1538b8ae46a019b08376a7678dcc1	edb69d834771141b8a91f4316577e3e0	
f	usr/src/fantgpu-fh2m-kernel-2.2/fantsrvkm/include/ft_drm.h	6227	0644	718df1d7bd08934bfe53adc540cd6f8fe4b42649bf0e9ced94be274a8f3643d7	9494bee589d6d00c769299c27ac13b9e	
f	usr/src/fantgpu-fh2m-kernel-2.2/fantsrvkm/include/ft_drv.h	4473	0644	ae4110298396f879dfb91a43e80d11978b0a46acc77b2c9c2da5a4ca12dbd120	6b41411a642ed62c028cb68eb5b6d670	
f	usr/src/fantgpu-fh2m-kernel-2.2/fantsrvkm/include/ft_dvfs.h	4994	0644	2bbc0abafb071101cb8c3db5b24fff7540b609c38181741c1fcedf3d13bd1d40	6d99ddeab7a36d63928c4808f92ba493	
f	usr/src/fantgpu-fh2m-kernel-2.2/fantsrvkm/include/ft_dvfs_device.h	2810	0644	eccd01b63438605d37737fbce6cdc0bb9475e59e9f69c474587a7d1b4baf4981	51d7431cc105baf9d62f2f42a8bb4d41	
f	usr/src/fantgpu-fh2m-kernel-2.2/fantsrvkm/include/ft_export_fence.h	2841	0644	48957ba4eb123d69b17d3dcfcd22f2c4fe89fb613646a9c9bb35cb6e90ce5cce	233fc91d0e5d65e3f6c9e04f90c174c4	
f	usr/src/fantgpu-fh2m-kernel-2.2/fantsrvkm/include/ft_fd_sync_kernel.h	2758	0644	004ea579b5bb36d9950f56628f0d5cd1cba25b570d63a0e3be1780f773864c10	4d6179a79ead5f272c36a3ddf10991ac	
f	usr/src/fantgpu-fh2m-kernel-2.2/fantsrvkm/include/ft_fence.h	9147	0644	dab34db43549581bb8f874c33d8a1c8086de3df55d75a1ed1665e3dfc1ef402b	703caf3b39260529c54ab4c07eaa6992	
f	usr/src/fantgpu-fh2m-kernel-2.2/fantsrvkm/include/ft_fence_trace.h	7349	0644	f3e468caf43b014486d0e462a403d5cef18a0ab276a2bab857f7ce1dc2686e57	28797c2602474db918fd27b67ae94e93	
f	usr/src/fantgpu-fh2m-kernel-2.2/fantsrvkm/include/ft_linux_fence.h	4043	0644	917003cb6da5f66c69149ee5350ee040ab2fffea245c7216044ecf62f3a8e4cd	fe9dce5876b06edbfcfb70edff12c86f	
f	usr/src/fantgpu-fh2m-kernel-2.2/fantsrvkm/include/ft_notifier.h	17865	0644	0f3e0a1f23715e13ecf855dc62c4f173360cc58ec5dd307363f279a6bd09be4d	f77e609b5f16b3e4ff9e01ac23779a2a	
f	usr/src/fantgpu-fh2m-kernel-2.2/fantsrvkm/include/ft_procfs.h	2479	0644	f4ce8ad24ab4025aecb5ed469d9dd345544b7c642381dcc7056d48b41fa7d329	13b3f317fe587a300022929b0db0adbb	
f	usr/src/fantgpu-fh2m-kernel-2.2/fantsrvkm/include/ft_sw_fence.h	2893	0644	fd324cb43ce1d143e75a0fcca4653a48d6bd1954ac872db547874a57924cb88c	678ecf95111230d785f8cbe4b7d770af	
f	usr/src/fantgpu-fh2m-kernel-2.2/fantsrvkm/include/ft_sync.h	4593	0644	bbdf9a1eb35504ae6618ef547b271b6a46330dbbf53de513cc93860a0e8826e7	cb5bcf20980a43451987a19bd78263a7	
f	usr/src/fantgpu-fh2m-kernel-2.2/fantsrvkm/include/ft_sync_api.h	3287	0644	478c732869d467d630233040a820e206fc0ce14ad1fd727e8558c35f5ed99c29	1930af4753b01b7b890da73066005236	
f	usr/src/fantgpu-fh2m-kernel-2.2/fantsrvkm/include/ft_sync_ioctl_common.h	3764	0644	eb8ea9f0d31434885c2187f35430dae1ef5868bb44cde3f94db39bf51f70f053	41d25953375d35e83f6730901b88337f	
f	usr/src/fantgpu-fh2m-kernel-2.2/fantsrvkm/include/ft_sync_ioctl_drm.h	3337	0644	fffc7acd989a60ee901498e3df05e1392b399ecb4b44fd0ea8d17dfa9ce46cf7	e9773950b6552541c3660aae29904248	
f	usr/src/fantgpu-fh2m-kernel-2.2/fantsrvkm/include/ft_uaccess.h	3405	0644	07745898653ff9a89c679c5546369e064b1c6f2aeef1ff286cdbd6dc409fe9f0	d748541c7fa51f6636586774c8a5c177	
f	usr/src/fantgpu-fh2m-kernel-2.2/fantsrvkm/include/ftmodule.h	2427	0644	37207d6aa81baa58fcba8352899344a19954014dd826996cbe212fda7947e27b	db7b2d39bdac692565019411e8926c28	
f	usr/src/fantgpu-fh2m-kernel-2.2/fantsrvkm/include/ftsrv.h	26571	0644	1423ff79fe998bf57f36598411e8fd20d836d3ecca3bb254c8f61b485fb8d708	9dc5882e018cd6ace94bdbcecbb93777	
f	usr/src/fantgpu-fh2m-kernel-2.2/fantsrvkm/include/ftsrv_apphint.h	3403	0644	7b4031b293c01cfc4819b53a09a1821629b9a46a805f2f3f58e6da3af225a5a8	43d4da55a4681c3d254da28b44e117c7	
f	usr/src/fantgpu-fh2m-kernel-2.2/fantsrvkm/include/ftsrv_bridge_init.h	2591	0644	14ff5b0636dc4708a35262078616d788564d9ad3addf3f20853edb9888e42ff0	793d8981e7c75c1f584efbfc3eb61f99	
f	usr/src/fantgpu-fh2m-kernel-2.2/fantsrvkm/include/ftsrv_cleanup.h	11269	0644	1a11fe1e8b2b962c4a7162686bbb67f82c762c959e5ae9b3aa9efff84a268b96	59774308d16bf335149b423a82f62dea	
f	usr/src/fantgpu-fh2m-kernel-2.2/fantsrvkm/include/ftsrv_device.h	16763	0644	52e43033ac0a90c0141ecf997fbff7754e1db9f84f7639045374cde7f03e4704	fc131e9fa394b25bda3ee33ee9b4fba0	
f	usr/src/fantgpu-fh2m-kernel-2.2/fantsrvkm/include/ftsrv_device_types.h	3056	0644	f26fb3f1d37d2a809e3ca415dd6d1998c052d17bc7b7ee3df2c840e1ef319965	83f8f5ae2f057d567a45e59972e115d5	
f	usr/src/fantgpu-fh2m-kernel-2.2/fantsrvkm/include/ftsrv_error.h	3231	0644	8414f03cf50737e808df04214978547fad3ced3692de8bb33ac64215da6692e3	042473022827905e8d6418843c8a6947	
f	usr/src/fantgpu-fh2m-kernel-2.2/fantsrvkm/include/ftsrv_errors.h	17904	0644	4259991af132ddccc7ffb3d25e05325361edadc884d3b3bab7ebad2ef7c0b06b	d99b7aa30f0f0581091fb40cabb86aa4	
f	usr/src/fantgpu-fh2m-kernel-2.2/fantsrvkm/include/ftsrv_firmware_boot.h	1411	0644	57c5ec986949aaf56b0049cb58fa0fad7662ee80a48c9b1fe25cc626b64d4b60	9e65598b944fa101f7742d80fad205db	
f	usr/src/fantgpu-fh2m-kernel-2.2/fantsrvkm/include/ftsrv_memalloc_physheap.h	15021	0644	c8c2af9149b27c8378400bcd6a1d1ffc214fa2f86f6a37c7eb5101a1cc6142b6	146e5c0a24d623194bcb557ec3ca2a4a	
f	usr/src/fantgpu-fh2m-kernel-2.2/fantsrvkm/include/ftsrv_memallocflags.h	46926	0644	61518600e0e711a341ad05177beaa99a71f6f29c89e6b3063af4381ca4d38052	61d412ec1f930d35e84fa6a811b32cfe	
f	usr/src/fantgpu-fh2m-kernel-2.2/fantsrvkm/include/ftsrv_memallocflags_internal.h	3842	0644	fe31b3c02bea19d13dbac30950905724ae287a1dbc826fa35dcb6710807db27b	23f0bdd45b6f8ae2cb7d55504242994d	
f	usr/src/fantgpu-fh2m-kernel-2.2/fantsrvkm/include/ftsrv_pool.h	7344	0644	6aa177e47b10adac0ea4ef4c62e86ad55a0ec5f8de436d670db071eb7165f737	a6ff4c76c34bfd658d78982d6365661a	
f	usr/src/fantgpu-fh2m-kernel-2.2/fantsrvkm/include/ftsrv_sync_km.h	2931	0644	4c16525425c94e477ee3be77148692a35603de3e054f7f18e839db5ab1556b77	047ce1723d1a2177910c817eff8772ef	
f	usr/src/fantgpu-fh2m-kernel-2.2/fantsrvkm/include/ftsrv_sync_server.h	10793	0644	7e6f986cfe089297f2fc8cacf16b46256bbaf86f85ad222357208b363b335696	f53362cd66f54daa22b1c2e826bdd1fe	
f	usr/src/fantgpu-fh2m-kernel-2.2/fantsrvkm/include/ftsrv_tlcommon.h	11229	0644	335b40ec544780f9d5110d9c2b995b3019a0066502dee2563ffad259c194508f	710125c347d8740d5545baf553a3e70d	
f	usr/src/fantgpu-fh2m-kernel-2.2/fantsrvkm/include/ftsrv_tlstreams.h	3144	0644	3477fbd317f2fc66864c4aa7ce2add1507aee11ba12c26a0d168d5bcffe06307	9c2f93099e9b29bd39028a6cda24860a	
f	usr/src/fantgpu-fh2m-kernel-2.2/fantsrvkm/include/ftversion.h	4668	0644	872f0a3f64f241787a753f76afb9b8d700794223b60bb05a7a110a7301336a73	ae091b86e317a13022ce7785eaba9239	
f	usr/src/fantgpu-fh2m-kernel-2.2/fantsrvkm/include/ftx_bridge.h	11050	0644	22f3f0bfe8af8975934037d917de1ac0dda77e246730d359d993a9d361272d56	8fb8e2f88d87564d8b1d0c2106bf99d6	
f	usr/src/fantgpu-fh2m-kernel-2.2/fantsrvkm/include/ftx_bvnc_defs_km.h	21712	0644	f8e307f2cc83093fd16b86026e540e901d05393c61fd51bc67dc8d648b9c0708	b206b3632c3b14147ed7242c38206d63	
f	usr/src/fantgpu-fh2m-kernel-2.2/fantsrvkm/include/ftx_common.h	10494	0644	c26e3140df2602789a315df608bf7b50dbfccbb482b31f5f2068b2717715e3ad	63783da6f362decc456a64490e2948b2	
f	usr/src/fantgpu-fh2m-kernel-2.2/fantsrvkm/include/ftx_common_asserts.h	3342	0644	fc6f494c0f3c9a69f52f599e7de140565ce8e54b5fb9dcd8e0e96070ec803913	f5c932f31fd8532d082223b2666938fa	
f	usr/src/fantgpu-fh2m-kernel-2.2/fantsrvkm/include/ftx_cr_defs_km.h	665478	0644	c27cea290f841413693f065eda111e9fe1bca6de718d0fff8bb42585e67d3e05	08c8478f316e7e1f305f93ea47c2dcfb	
f	usr/src/fantgpu-fh2m-kernel-2.2/fantsrvkm/include/ftx_firmware_boot.h	3386	0644	a0773735fd42f94ea58c29beca73474e6e25f31162539d32c5e75fd7d549df46	d9a9629e1584a0329f14aca2a156a794	
f	usr/src/fantgpu-fh2m-kernel-2.2/fantsrvkm/include/ftx_fw_info.h	4886	0644	15611e771c80e65028a8c189d590e7e4771eb2e4df62baca90c8b0bd480979a8	42ca4264aeb6ae9f6f3c1ca147d79326	
f	usr/src/fantgpu-fh2m-kernel-2.2/fantsrvkm/include/ftx_fwif_hwperf.h	5809	0644	03069405edb06d693f5a5bbe96ba48aa5bbcc55388a700711a60b8335113417b	b7203ddbd168903e0648276ead3a8eb7	
f	usr/src/fantgpu-fh2m-kernel-2.2/fantsrvkm/include/ftx_fwif_km.h	92194	0644	192ee6b374112032a20d6c5c1af59b2ee1ffe4b4c8971a81e0d839a1fd903808	9c115cd3f7b4110e1c9672059039cd98	
f	usr/src/fantgpu-fh2m-kernel-2.2/fantsrvkm/include/ftx_fwif_resetframework.h	3147	0644	1681f03c6f0830ff3da047a41d3b74412fdfd77d577565eeccb7b2e74fc0058e	77561bc0c4f2b04336c36eaf9ae55ca2	
f	usr/src/fantgpu-fh2m-kernel-2.2/fantsrvkm/include/ftx_fwif_shared.h	52000	0644	e4cd2c5645ecbacfcab585089d9cd67ec0f0e9ebdc17438c5d15438aa61bdfce	37d606b98a170e9e6821ebb848fb5979	
f	usr/src/fantgpu-fh2m-kernel-2.2/fantsrvkm/include/ftx_heap_firmware.h	6860	0644	052fbb10f8719082fe6c2c11bfe02eb8fcc1193217d5a7c49fd7261ef668ea1f	ed1d515021738f40a675ab1b4df47af0	
f	usr/src/fantgpu-fh2m-kernel-2.2/fantsrvkm/include/ftx_heaps.h	4274	0644	455527b1da44db63d38b6e8020e4cc4a74bc8b656cbc10e3b4c693940f9e012a	60e03b9097307cffe3d3961c84e9f951	
f	usr/src/fantgpu-fh2m-kernel-2.2/fantsrvkm/include/ftx_hwperf.h	16566	0644	5f80217f7457bf854a11dadbf831a1426dd7eea5b6316aec2d0e94652bf39f92	4eeccf51aecd6993804582a5aa74895f	
f	usr/src/fantgpu-fh2m-kernel-2.2/fantsrvkm/include/ftx_hwperf_common.h	77290	0644	5de97a63f10933fbcd168e0ac97501625cd1c3dcfe1d8b491bc46f12843ea5ff	20dfa8ba87934d1381495456d2d520f9	
f	usr/src/fantgpu-fh2m-kernel-2.2/fantsrvkm/include/ftx_hwperf_table.h	18699	0644	c7c064f9f193b93bb02fb904a68fa7283ec0e7ebb1ad7327caf1c6543594b658	485cfae0b682aae81d168035fd2da3c2	
f	usr/src/fantgpu-fh2m-kernel-2.2/fantsrvkm/include/ftx_memallocflags.h	2828	0644	c627015a625694e8f038fedf772cf446c29d8314f56f4d57add664cb25fc2103	7b89fb070f669912b676e64d8eb0a920	
f	usr/src/fantgpu-fh2m-kernel-2.2/fantsrvkm/include/ftx_meta.h	16601	0644	1d6b7bc5d0a67bc970de82bfadcdefc534b506d2e95037f68de14441b8c263fb	91bd0d2e465366c1c53e8f0f2f19f5d7	
f	usr/src/fantgpu-fh2m-kernel-2.2/fantsrvkm/include/ftx_pdump_panics.h	3327	0644	758f92be06004d433179cbcdffb857e0ba8e3425644b92c9ec8a4eafdc0cfcbe	ebbd44fc9fb520a58f276f47cb568fb8	
f	usr/src/fantgpu-fh2m-kernel-2.2/fantsrvkm/include/ftx_riscv.h	10015	0644	6799acbed3e063e80bc17ddd9d4929bc65b463898da0b3eea14d9cf8b8645cbe	be90a35eec4420f9dae1506a003155ab	
f	usr/src/fantgpu-fh2m-kernel-2.2/fantsrvkm/include/ftxapi_km.h	15068	0644	1d0885ce3f308b3eda62e7931e81ff71ab264af3077506c97f8f5e6839e26442	1478882ac7ce427aabf9a8b5b95d6710	
f	usr/src/fantgpu-fh2m-kernel-2.2/fantsrvkm/include/ftxccb.h	16781	0644	6783baf82a5605651a696a6b7015b2635353977fed5a834ac9c20c7c9359fa47	0b77ffb0e2e071690bbc80a14df98cc3	
f	usr/src/fantgpu-fh2m-kernel-2.2/fantsrvkm/include/ftxdefs_km.h	17778	0644	f5d12fe814911acb49ecece5e768a0d60fc9f9abf4613062ef3ab400ad1b6628	b70b97d569b99e4e20a4a46e999c06fd	
f	usr/src/fantgpu-fh2m-kernel-2.2/fantsrvkm/include/ftxdevice.h	39500	0644	fde9ce2f6d01cb4c03c4f10c557ad4187e9095f6b81ad4104c49b5e07905f01c	e6becf0a324d8501a0a116647b852bb2	
f	usr/src/fantgpu-fh2m-kernel-2.2/fantsrvkm/include/ftxfwmemctx.h	6403	0644	0c7182ae2cc74c5bd73bfef2251a7f31aad9abc934116a5356f6719df9fdbad8	3b1a8f1342aa045f1932c6ccc35ab1b8	
f	usr/src/fantgpu-fh2m-kernel-2.2/fantsrvkm/include/ftxfwutils.h	57054	0644	a4968dea5760c7051c7bd45375fa6d4c915cf2a0aeda2e8774fe86787c85e89e	762ac317cdef8e015b2864a01c2a8c9e	
f	usr/src/fantgpu-fh2m-kernel-2.2/fantsrvkm/include/ftxgpuutil.h	362	0644	12fed7db5c4b41ff8b5b329a843048c2f875b06aca3c3c31ec719c490399c062	f210be52a609091f0454e0dc6f46edc8	
f	usr/src/fantgpu-fh2m-kernel-2.2/fantsrvkm/include/ftxheapconfig.h	12495	0644	b2572cc85750b0b648ccb019c298794be1dcd6b91b7e6c9052819cdb24f20520	feaa73f71c2932383bf436a543187bea	
f	usr/src/fantgpu-fh2m-kernel-2.2/fantsrvkm/include/ftxhwperf.h	4916	0644	6a938d3908928d8fed99315fd68c1ac643ddc9358b54b492432e13c6b5b05ba9	98f28600c7030a8c6b9f1fb2198f8d1d	
f	usr/src/fantgpu-fh2m-kernel-2.2/fantsrvkm/include/ftxhwperf_common.h	26505	0644	fdebbba30203cc40d481e7de1683d04e44fa7905e600cf445682efdbcb2811fb	9ac4bd390f696dc55a549374ffa1a3cc	
f	usr/src/fantgpu-fh2m-kernel-2.2/fantsrvkm/include/ftxinit.h	11658	0644	651ab3555c31d72b93b3f764f7c1c8437b742d98fa700d5bdbbff2826006ed31	6cb632a8e9174e78087bfb243daa537b	
f	usr/src/fantgpu-fh2m-kernel-2.2/fantsrvkm/include/ftxinit_apphints.h	5682	0644	503a7ef1659cd6836c978ca8301a8ca32bfce39c44e7dc602d51bc32192b0c96	3682c14498e144f4090dea8c516b87d0	
f	usr/src/fantgpu-fh2m-kernel-2.2/fantsrvkm/include/ftxlayer.h	34413	0644	0ca5d2aeb7e1a3224239236ac1151f58b574b32dc9ae7e93654359ce288a1dd0	79f5dd1fabd5ae699412483ced939826	
f	usr/src/fantgpu-fh2m-kernel-2.2/fantsrvkm/include/ftxlayer_impl.h	1003	0644	6e3130a217654fe820bd7458c7dbfa61054cd3db830a3c621f4746b6d324beea	a067ee24cf485b584de9595f69c2081d	
f	usr/src/fantgpu-fh2m-kernel-2.2/fantsrvkm/include/ftxmem.h	6499	0644	3c1ea7464d7fb1ddcbd8b8a444294af5e5507fcfd9974da5be3c1e4d49276d9c	0c80c3e4d2ffd854c3bb46149f7a9f34	
f	usr/src/fantgpu-fh2m-kernel-2.2/fantsrvkm/include/ftxstartstop.h	3569	0644	0a7db6aab6360851c1f4fb881bf2a4dd9e93537fdc1ad1b7d818f9d56a25f5db	42eca38cd03d8f520901be53195ca4da	
f	usr/src/fantgpu-fh2m-kernel-2.2/fantsrvkm/include/ftxta3d.h	21978	0644	7fe224597d7901212d040ae26be1d0c2c52aee073145c37d8f3cabd0496facfc	8610c4751ce3d34898b8a9ba1e9c1a1b	
f	usr/src/fantgpu-fh2m-kernel-2.2/fantsrvkm/include/ftxtimecorr.h	10055	0644	ca091317ed68ea80308a6f45f4160c85607aefafee3de681fb0b0b679f687dce	5d93d66eaaf444873f38921d04c306af	
f	usr/src/fantgpu-fh2m-kernel-2.2/fantsrvkm/include/ftxutils.h	7954	0644	e914011e081307e30522f58e0b37484396de86abaf37aeacbcfacecbae4b4312	f40b64bbab744f9e481b4d77fd153144	
f	usr/src/fantgpu-fh2m-kernel-2.2/fantsrvkm/include/fwload.h	8676	0644	94ec9f250f50419bdba1c8fffdbc6db6bfff6be1c6ceeba51137769e97cab8c5	d5767326226e6b2337ee09f139ebe566	
f	usr/src/fantgpu-fh2m-kernel-2.2/fantsrvkm/include/g0_pdp0_hw.h	147	0644	4bc3de8634a3bbc883ad5eb3b762a66f293f4aaca1b802e79f1b861edb2d50a8	a7724ffa5b0f6b754164da1d58e2ad34	
f	usr/src/fantgpu-fh2m-kernel-2.2/fantsrvkm/include/g0_soc_audio.h	2630	0644	471d0d40835185372aaa12874230f4f601995788d096617694087a1a28fda439	5356fc66a532bfac6dc71636c462941e	
f	usr/src/fantgpu-fh2m-kernel-2.2/fantsrvkm/include/g0m_pdp0_hw.h	183	0644	50552a9cbcafa260a6bb8e8a2be812cd198d175d7d930c5289f459ef42d8619c	d5736df5d33acaaf695f1f002004f7ec	
f	usr/src/fantgpu-fh2m-kernel-2.2/fantsrvkm/include/g1_pdp0_hw.h	147	0644	9d99e091cea2ca8645ba98c4a24fb1975d92e6292bda3b23f6b7756bb157beac	94e55e2ae56263df274b5e5fff7ff703	
f	usr/src/fantgpu-fh2m-kernel-2.2/fantsrvkm/include/g1_soc_audio.h	2617	0644	d1e807510b4f4c96dfb7d0597ff1e86fbef4fc5f1d785e6edcc01b25e130e0d1	5ca8c379a32eae42f907863bfba4af3e	
f	usr/src/fantgpu-fh2m-kernel-2.2/fantsrvkm/include/g1p_pdp0_hw.h	150	0644	cd778e71ac5687a17a2930da8cc99a128eee452d7a6c4a3f8ac7136be09b116e	9b7166d76dd09aaa30aa0c6f8ef7270a	
f	usr/src/fantgpu-fh2m-kernel-2.2/fantsrvkm/include/g1p_soc_audio.h	2642	0644	30e68e30e0a84fa7ef891238943eef666b3e109fa514a31e08f7ad21b2068a05	0ced568e9ebc02762f490f8eaaab0f61	
f	usr/src/fantgpu-fh2m-kernel-2.2/fantsrvkm/include/g3_ne_hdmi.h	2961	0644	7cc2167c38b0cf48bf1103b980b357102f90ab24cfb25be3cbcca18c73f90c7f	bfc33a1c7e82a7a964e7f6f41e5fd261	
f	usr/src/fantgpu-fh2m-kernel-2.2/fantsrvkm/include/g3_pdp0_hw.h	179	0644	366d91cdd0c8fc36d87bfb3ba69c3c8e3272cf6a56bd4311d31ade307ddadd96	b1fcb6ecc4c2ec1f3b7c0a6f744ac3f6	
f	usr/src/fantgpu-fh2m-kernel-2.2/fantsrvkm/include/gen_g3_ne_hdmi.h	3034	0644	618c73eb9cb370899497d738d1e58655118ecf8ee64b721358115792cdea59db	d2b6a378b1092fe70f381eccf83f4e5d	
f	usr/src/fantgpu-fh2m-kernel-2.2/fantsrvkm/include/handle.h	9389	0644	5d4cf8e60fefade665adb39f004321f1eea86b899bcc0ec40daf2c3fd325d1c9	f3b97fc9c5401d11fa5b350510134a07	
f	usr/src/fantgpu-fh2m-kernel-2.2/fantsrvkm/include/handle_impl.h	4320	0644	57015fa4e4d103c0a92f6439269288e843ca522d3fab246ae362c8e1bfd8d220	c3eb5fbfee7e11b6e6f6c86fd642c864	
f	usr/src/fantgpu-fh2m-kernel-2.2/fantsrvkm/include/handle_types.h	3856	0644	c8fab74a7fd305f07f03a5b7fa7cb1ca02b88c4cee8f87187e37c04ae7eda82c	fa433f0441c41a6eda81754c33c626ee	
f	usr/src/fantgpu-fh2m-kernel-2.2/fantsrvkm/include/hash.h	11985	0644	f1a20954dbbd2461973ab26551cddeb004d0dc24cf87e86a54034c1d74cae363	9f5b37acd5506dff308c0b3a509779d2	
f	usr/src/fantgpu-fh2m-kernel-2.2/fantsrvkm/include/htbserver.h	10633	0644	eae4b8e2db5c85495bb50c2ea14ab40474c9440dd6386666799748adf202e783	c7f8c0a09bdfaec2fff418b1122ce902	
f	usr/src/fantgpu-fh2m-kernel-2.2/fantsrvkm/include/htbuffer.h	4241	0644	d26f4757ac47fe308f2705636923a879f07c93f164f069154f1bc81015cd8975	c4e66e0a6a1e9eba32cfca0f70d16bc8	
f	usr/src/fantgpu-fh2m-kernel-2.2/fantsrvkm/include/htbuffer_sf.h	13802	0644	dee93dbc3bab5e39b29c58eb02d55602008be477d0636c723dc53970dbe069a7	c8161a829e39336ec01edd5ced752752	
f	usr/src/fantgpu-fh2m-kernel-2.2/fantsrvkm/include/htbuffer_types.h	4886	0644	7d56c1ca6346084a2b2923d686bc677328b478ab76161bb48ab1115c954a3859	5ca17fc0cb61c7d89b4fa4ef4f5dc74b	
f	usr/src/fantgpu-fh2m-kernel-2.2/fantsrvkm/include/info_page_defs.h	7775	0644	7dc2c6304ee78f741007a92a66f5e49e562eebbfee8b73361013d796e17db2d9	3fcf9ae5f70c86ec83908958d03c7903	
f	usr/src/fantgpu-fh2m-kernel-2.2/fantsrvkm/include/interrupt_support.h	5354	0644	fbfc62ab3399ccf51b26b9ca61a1ea9e05842b72d5aa3a9e3124c6d43081b224	8edbb6ca636d61df90e8238719ba84f8	
f	usr/src/fantgpu-fh2m-kernel-2.2/fantsrvkm/include/kernel_compatibility.h	16176	0644	8407b81d665c32142c80c447220a36e313f9142f69c83b6e4e74e5e62c22bff0	cdeec9faec553f9b08f2078938068d65	
f	usr/src/fantgpu-fh2m-kernel-2.2/fantsrvkm/include/kernel_nospec.h	3321	0644	ba71ae5a63bd04293c6a778c18919563173a0799cea454f822a7e8010049588a	7c9771a7a4c5e3a542841fe85804dd61	
f	usr/src/fantgpu-fh2m-kernel-2.2/fantsrvkm/include/kernel_types.h	3969	0644	8abcae7672edf2db56429bbde6915cda0a8c77f4b565ba90bd21347a8df4902a	3f7e358089fcd794604ec3a1b2e86120	
d	usr/src/fantgpu-fh2m-kernel-2.2/fantsrvkm/include/km		0755			
f	usr/src/fantgpu-fh2m-kernel-2.2/fantsrvkm/include/km/ftxdefs_km.h	17778	0644	f5d12fe814911acb49ecece5e768a0d60fc9f9abf4613062ef3ab400ad1b6628	b70b97d569b99e4e20a4a46e999c06fd	
f	usr/src/fantgpu-fh2m-kernel-2.2/fantsrvkm/include/km_apphint.h	8025	0644	733b37d9c0d436a73e71de02f7c580c319155692acba899f9dd7e4e8f97add28	d92c19277307433ad332a183c06e6730	
f	usr/src/fantgpu-fh2m-kernel-2.2/fantsrvkm/include/km_apphint_defs.h	10745	0644	6dbc4230e8f2f1f21ac90a8716b03b526db2dd9fcd0f6faf0bc8d8406519be30	8473769b414ddf6bd132802df47721b7	
f	usr/src/fantgpu-fh2m-kernel-2.2/fantsrvkm/include/km_apphint_defs_common.h	19555	0644	3732c0b641d55e82256d2e694a5934160aeabcca2e102b0a037ec3ed030a1891	aff98f31341e3201d3d105dfcbeb8288	
f	usr/src/fantgpu-fh2m-kernel-2.2/fantsrvkm/include/linkage.h	2624	0644	638118fe02b2fcfe055be3518f45b75993779995e22d4d6830d61c0083c73d12	bac2e0727daa2c62242d001ee5542070	
f	usr/src/fantgpu-fh2m-kernel-2.2/fantsrvkm/include/linux_sw_sync.h	2476	0644	3b8c6d89efcf1e6c26c72dd401eb1a0c5136b403b40648dbe6d1ef6b559229d3	ef0982fa8044fc61694b99404c0247d4	
f	usr/src/fantgpu-fh2m-kernel-2.2/fantsrvkm/include/lock.h	20792	0644	7dee17683884e6bd0a99bfd34ca4c9bab5e91d12c553a91a981c2c46a465cb52	713936d0fe6719e50ca7cfa49ed141b0	
f	usr/src/fantgpu-fh2m-kernel-2.2/fantsrvkm/include/lock_types.h	4221	0644	26c7ef9273c23a2badfb5d61aa372206f487082c53b6c712cf122d128b32fdcc	0735b705848a7cd01dca565ca2cc78bf	
f	usr/src/fantgpu-fh2m-kernel-2.2/fantsrvkm/include/log2.h	14610	0644	fe01ece6f0d707eaad4875df06bbe20600e0c2a0486fd70cf7b6975a6bc5c779	9f22cbfa88e045441a2fce77e51b3034	
f	usr/src/fantgpu-fh2m-kernel-2.2/fantsrvkm/include/mmu_common.h	31087	0644	030d8120362e42ef6d1008b574a7410f8a4840d5f177ca127c8e3eb41fed01db	bf7dbb963f4ba1e361b05e819ea6b3d2	
f	usr/src/fantgpu-fh2m-kernel-2.2/fantsrvkm/include/module_common.h	4873	0644	c627ccfd8453c6ad0d3275dc7260d4f5bc422fe53d18827bd8eaff35d7bc2309	dabe38b2e9a647add61b69163abcc309	
f	usr/src/fantgpu-fh2m-kernel-2.2/fantsrvkm/include/netlink.h	5638	0644	667dcbd3d6cfb67cf2fbc7392245bc6286d4800ba96026ff33d990ff8b1fbaae	06633078d1f2297c40895bee1c84e357	
f	usr/src/fantgpu-fh2m-kernel-2.2/fantsrvkm/include/opaque_types.h	2801	0644	5a3ec34a080584b3f67d561330717513ce1a55a0536daaaf968ade0da1f5cbc9	266aef03c072f31253b92329dec1f87f	
f	usr/src/fantgpu-fh2m-kernel-2.2/fantsrvkm/include/os_cpu_cache.h	3466	0644	354d4e472c8242f5023ab3b3b0ec0abbee1f94f62655ce52e59984fcc61b827b	cc176a955c08114a918260fa7f524616	
f	usr/src/fantgpu-fh2m-kernel-2.2/fantsrvkm/include/osconnection_server.h	5750	0644	dd93651eb9d9926926f79c6242822f3f0edc667cfb4b1de28ceed613796c3161	685960d8c4539b12c0a8dac1f61a70b1	
f	usr/src/fantgpu-fh2m-kernel-2.2/fantsrvkm/include/osdi_impl.h	7816	0644	a42fd669efd0372c0b94f419c7e2e5cf32b38404c684e81f51f81ecc5deafb73	51a531901c4815a137e77842087f5057	
f	usr/src/fantgpu-fh2m-kernel-2.2/fantsrvkm/include/osft_gputrace.h	4645	0644	c35b83a6b9be1fa8d43874494e58078181d2fdec4bba54754228e6e859f9161b	457c78f66adb9ebf700bb0795c7a6729	
f	usr/src/fantgpu-fh2m-kernel-2.2/fantsrvkm/include/osfunc.h	92570	0644	e92197a694be01b0209f5dc408c8c90fdb89b000276d828ff4c3b2052ef3e015	e0966827dc69d44773013efc91c7a60d	
f	usr/src/fantgpu-fh2m-kernel-2.2/fantsrvkm/include/osfunc_common.h	17408	0644	7a09895906794e562eb55aebf014e3f793f718c08453cd64a7099fc0715623c1	080235de44905b5a6d06a37c6f57d048	
f	usr/src/fantgpu-fh2m-kernel-2.2/fantsrvkm/include/osmmap.h	6040	0644	fd6467f2e8cc718eedb87f8ceb3b6ce43af4bc6fe4904476e22f5af43056aefc	f8892f45394dec96925359b9b2b12bef	
f	usr/src/fantgpu-fh2m-kernel-2.2/fantsrvkm/include/pci_support.h	4717	0644	4e95ca3b96eed57a53b52239dd8d5a142463be61959dd8c3731edc0d5f8cb2cf	06ff61bf39532f29c0b7a4ae29ac2f36	
f	usr/src/fantgpu-fh2m-kernel-2.2/fantsrvkm/include/pdp0_common.h	2872	0644	f64d8bedb6fb726b7a5a0ba1400cb3db0b9ade1deb16557f3569f6d0af80edbe	355dafc15ea9c7b9d5655d9775171744	
f	usr/src/fantgpu-fh2m-kernel-2.2/fantsrvkm/include/pdp0_crtc.h	3328	0644	c825371bf951e986b2b3d5e10bec5d94377e5eded927b7417345db83466f9ed8	82240e3df08547852f1d06e0a3d650ee	
f	usr/src/fantgpu-fh2m-kernel-2.2/fantsrvkm/include/pdp0_drv.h	3905	0644	85069e782578c6344553db4ed446097bd9656c57d693caa081810054b90b52cd	3a2f93321902284f66d4259b08b7d3d5	
f	usr/src/fantgpu-fh2m-kernel-2.2/fantsrvkm/include/pdp0_hw.h	14953	0644	ff1fea6ba040244c29348b9aed6dd5756ffba587b4c57c4dc37c6947723fce3d	bd00196b6482eea33dd41d4439a72cca	
f	usr/src/fantgpu-fh2m-kernel-2.2/fantsrvkm/include/pdp0_plane.h	3361	0644	9ef550664794d881c1aebba3f06039e707b20ed562073a3f42485a7180073089	926836a8c4e68ff14bb0f2b806dd1dfe	
f	usr/src/fantgpu-fh2m-kernel-2.2/fantsrvkm/include/pdp_drm.h	4650	0644	2dc974117b029b74434c194c222a446319ddc32b7da5762aa85e396d1a0b321c	d89a322a3439d153a661d0aa99520dfb	
f	usr/src/fantgpu-fh2m-kernel-2.2/fantsrvkm/include/pdump.h	12572	0644	2b2e408b5cf64e1ae496a21d1fa8e03dee9dff6bb1ef131b60d7e03fb1193d3d	0df6cda6c0a3cd2d31da0393057ae451	
f	usr/src/fantgpu-fh2m-kernel-2.2/fantsrvkm/include/pdump_km.h	46189	0644	549a413f682fa0423187b2645d4a70987573a4e7c24ccfbaaeccce639d8392eb	1396f011f5a008418f36c7466643d813	
f	usr/src/fantgpu-fh2m-kernel-2.2/fantsrvkm/include/pdump_mmu.h	6405	0644	cc915ae8577efce48daac2b0e722473d69c492e89cff7154ea416aec3e0ecf97	9a03e19d243bd50842ac8d9cfffde8b3	
f	usr/src/fantgpu-fh2m-kernel-2.2/fantsrvkm/include/pdump_symbolicaddr.h	2807	0644	052dbd65bc222df621d632d2027e175ac4ac75e935255ca24a8818870f061ac8	404dc7d28c3e39f1e6b0faa56312ff07	
f	usr/src/fantgpu-fh2m-kernel-2.2/fantsrvkm/include/pdumpdefs.h	12914	0644	744b0589bc0af2d0c283d2adf63912ed38fbefbf8b7473431d04df8ebdfd23f4	7d8637dd03289c37a637caf06f4ca23d	
f	usr/src/fantgpu-fh2m-kernel-2.2/fantsrvkm/include/physheap.h	31600	0644	29358cd60b361f4870013192db2b5e6eb33b8ed5494449e1fe48b43bb9ae4f23	de2d686037b444b5bc7670263a0b1bdc	
f	usr/src/fantgpu-fh2m-kernel-2.2/fantsrvkm/include/physheap_config.h	17030	0644	e717060c27bffe784f7232de03998dbe05ef458af66c3c804eff14f23967d5e7	82443ce010ce05a746c6fed7aa79d82e	
f	usr/src/fantgpu-fh2m-kernel-2.2/fantsrvkm/include/physmem.h	13742	0644	3af68999fbd0c174f3a77648b07d7ba4430ec53708b097c3bf276c5016ab8d06	88034126352cd98472fb1b7ec6338316	
f	usr/src/fantgpu-fh2m-kernel-2.2/fantsrvkm/include/physmem_dmabuf.h	8302	0644	1d876b18eba5aba013f3cb843e01f11c957702daba86d3469d5c9a27193959ac	f25e41ea60456929c75e8c164d83bf40	
f	usr/src/fantgpu-fh2m-kernel-2.2/fantsrvkm/include/physmem_dmabuf_internal.h	3035	0644	8e330763a47a46c510cdd8bfa7e7018f792fb257bc12f6654f67f7407b4390f9	0c74cd1d09b366318f792eece64d0380	
f	usr/src/fantgpu-fh2m-kernel-2.2/fantsrvkm/include/physmem_lma.h	5853	0644	4af4bddbefc4d58f4789ad58f193649d7567f16cf2b44d8deeab3738b4c09f81	1d5c092e9b51f5d9e700d772f80109a6	
f	usr/src/fantgpu-fh2m-kernel-2.2/fantsrvkm/include/physmem_osmem.h	8145	0644	a05b56aca48809379fc5b5e75da9b84324b710d7baaf590abcc491b91a1d02aa	deb5b322cedb82e989bb1b589fe0610a	
f	usr/src/fantgpu-fh2m-kernel-2.2/fantsrvkm/include/pmr.h	37909	0644	f10173e66da5b0a61aabe5664f1e9cee718ef82f327235d71fa20e7dd74786e4	d3344ce80159420aefcfbbf5a090bbb8	
f	usr/src/fantgpu-fh2m-kernel-2.2/fantsrvkm/include/pmr_impl.h	28741	0644	f70421330ad2b14b7e3dda27baf850d38cbdb3813f625f1418d8107cbdb464cd	6d1a676be2262264482080f81d1d78dd	
f	usr/src/fantgpu-fh2m-kernel-2.2/fantsrvkm/include/pmr_os.h	3246	0644	1c0f7efd1b1b78ab1ca46f18b77d1036ef96fe1c743e292f2f690e36c7b9b6d1	234fc61c5f73256d7d48c99821d6baef	
f	usr/src/fantgpu-fh2m-kernel-2.2/fantsrvkm/include/power.h	21121	0644	1b955d5a0c522bd859e5d1055c6e95c7f18c973609443c57a3d00690404a3678	276a64f6d2503d8f67240aa66cebd3bb	
d	usr/src/fantgpu-fh2m-kernel-2.2/fantsrvkm/include/powervr		0755			
f	usr/src/fantgpu-fh2m-kernel-2.2/fantsrvkm/include/powervr/buffer_attribs.h	9376	0644	50552b845a04ade13446ebd958c9a7abf4ef89067a5960b53ece89adac03d7d7	949116d654c7dbd2d1d96d65ebc2ad99	
f	usr/src/fantgpu-fh2m-kernel-2.2/fantsrvkm/include/powervr/fant_drm_fourcc.h	6845	0644	3a9783ed38e2ad620b0d84a33035e16ef2614dffce53de9e36278360a5f07e6e	8c564eb11eab88f00250865256ef1527	
f	usr/src/fantgpu-fh2m-kernel-2.2/fantsrvkm/include/powervr/ftsrv_sync_ext.h	2606	0644	27fadeb281dad10bea519c07b3db91d211368a42ba2dca5320a5bd74b888b4b9	4f3debeca5205564d5554a8914778a33	
f	usr/src/fantgpu-fh2m-kernel-2.2/fantsrvkm/include/powervr/mem_types.h	2063	0644	a11af6bed886b3adf9dbe23c486d6dbb8844475afd5911cb4eb80a5230be60c7	1781fff3c4c8c9a473196ee631b181e3	
f	usr/src/fantgpu-fh2m-kernel-2.2/fantsrvkm/include/private_data.h	2722	0644	839e6f0b95a4d1cc091ca14ae0059287b7d84a729ba9db626c3f1be92013046a	f9a9640305c3aef82e83b59ee762e74f	
f	usr/src/fantgpu-fh2m-kernel-2.2/fantsrvkm/include/proc_stats.h	10732	0644	b57e66d6dad50d78f91f1d9a149827544f6cd977986a93729439ba06dc4bfed9	7b9c343c3eb335475f2445eeeeb8c7b3	
f	usr/src/fantgpu-fh2m-kernel-2.2/fantsrvkm/include/process_stats.h	11905	0644	26ee51c3bc65104cbfb49272166bf9360b72a95673a6a4d4c80a1b13f53e9862	1a04c7968a19b5600359866c572b57f2	
f	usr/src/fantgpu-fh2m-kernel-2.2/fantsrvkm/include/ra.h	29453	0644	59a98982f54988ab5abc76014667b3a105b0f583edb8844a4334b79b16e6734b	3b95a26f769d81c573837851b7e845f4	
f	usr/src/fantgpu-fh2m-kernel-2.2/fantsrvkm/include/ri_server.h	4736	0644	a2ff65d3e57c187ec2fab2f43d746bf091ec1f2bc028b73810e2d980a2ae1c22	687bc11004e6935734070ea46187f77d	
f	usr/src/fantgpu-fh2m-kernel-2.2/fantsrvkm/include/ri_typedefs.h	2524	0644	8595c3456f818d3257be08404332d850a4061101b783479ab59d4572df4f534c	be8c0426b36b285c6c02e9cdbcb07f26	
f	usr/src/fantgpu-fh2m-kernel-2.2/fantsrvkm/include/rogue_trace_events.h	18951	0644	371ab5960ff185dab9cc694442677d355dbcb35ff125208f4676a8453bf5f754	d2d11849191b258d59d424f20bf8e48b	
f	usr/src/fantgpu-fh2m-kernel-2.2/fantsrvkm/include/services_kernel_client.h	12995	0644	3bde111e8d672433f72f29b826eb236499a79073321dbdc060901642daa89a5d	7801865365a32d207f732edcc3bd2fe4	
f	usr/src/fantgpu-fh2m-kernel-2.2/fantsrvkm/include/services_km.h	8391	0644	ed2063fca788f93ac11cc5f61651fbda131aa0050ca41c962bfd1ec35f9aa69b	a08379ec4af58e3c9ca921a6ba63de3b	
f	usr/src/fantgpu-fh2m-kernel-2.2/fantsrvkm/include/servicesext.h	5746	0644	5fbe748b231c691294d7cf2a00ff3b41d9576fbffdc6e7893fad6eeb5dfa7bde	80b1b0970739aee06d96c262541cc342	
f	usr/src/fantgpu-fh2m-kernel-2.2/fantsrvkm/include/sofunc_ft.h	4946	0644	f835179dd8e972ef68ea5e69d74eda9d40f8a453c943994bf3273d4e5ed2ae2a	5534a720ea55ae42d5e9434135912658	
f	usr/src/fantgpu-fh2m-kernel-2.2/fantsrvkm/include/sofunc_ftx.h	4149	0644	a1172d87564a4f957215b7775909bbe4dd6dca17013e78b95735afedd77ef62b	916f9702c9e4df495beadfb32acff87a	
f	usr/src/fantgpu-fh2m-kernel-2.2/fantsrvkm/include/srvcore.h	11178	0644	a494af1fce2dd07e5ad739205de644ca7d9abea2318a6f719c74c23ce9f47feb	c70fd2b17140ecaae1ac6de090283890	
f	usr/src/fantgpu-fh2m-kernel-2.2/fantsrvkm/include/srvinit.h	2925	0644	004a95216ae34ef2c0da928be4add37dae4230a76dfe83fb265c124af11de947	2a8332c20d5a27694a16eca0e4266ddc	
f	usr/src/fantgpu-fh2m-kernel-2.2/fantsrvkm/include/srvkm.h	7474	0644	20b6d3dc157ea470e7d00377d33c30bad1bff15434c855d851e5e04ef75ede51	2e42541c3d2db24bacc670ccf6c10655	
f	usr/src/fantgpu-fh2m-kernel-2.2/fantsrvkm/include/sync_checkpoint.h	29780	0644	7d0d41ce0ced5cd2943021378344247a070f18d1e62210a91c05063f6328febe	b87fd8877224890714057ea6fb9a9f2d	
f	usr/src/fantgpu-fh2m-kernel-2.2/fantsrvkm/include/sync_checkpoint_external.h	4033	0644	a098926e3e734d43dddd6d0afb57e1ffd252148ea7c4c6681ff51a2ca873c1a2	2f19b3c8fabcc3872286d34c015dcad6	
f	usr/src/fantgpu-fh2m-kernel-2.2/fantsrvkm/include/sync_internal.h	4772	0644	aad895f36d6f79def39cc46dde8776fb2c7d1ab203d75ab25edf0c83a239ab5d	a0804cbd2e9cfcb8e91fef8edfa30bb9	
f	usr/src/fantgpu-fh2m-kernel-2.2/fantsrvkm/include/sync_prim_internal.h	3752	0644	9deb049692d2d177c980ada954239929892b25fc5d2c09c9fc34f024a74b8397	99fc847fd16bf8c6a3be2cdb10a9f922	
f	usr/src/fantgpu-fh2m-kernel-2.2/fantsrvkm/include/sync_server.h	8744	0644	1bf24ded263efd24952b167ad28e41008239ec5026d574380acc5f3aa37970dc	36c52c9b4da714fc3cdb29c9afb037a2	
f	usr/src/fantgpu-fh2m-kernel-2.2/fantsrvkm/include/syscommon.h	10028	0644	044bf71a69f02069f17baba412f63575c1e12a2dece9ffc2ca7c854ba542aac3	7959f23e8b301598ecb7134f315b6a06	
f	usr/src/fantgpu-fh2m-kernel-2.2/fantsrvkm/include/sysinfo.h	3407	0644	c11b010c6b90909d5314787d15aaed0d6ffe71d09ecc79bb6415efc6677f07a8	1caac873fd4dd0b34f90b922bdfcd2c9	
f	usr/src/fantgpu-fh2m-kernel-2.2/fantsrvkm/include/tlclient.h	13403	0644	b3ba801e7f2823648b756a1eeb38490e65b7790a2135985180db69b11ed74bee	04a3d09fec08a8dae1484bace633f126	
f	usr/src/fantgpu-fh2m-kernel-2.2/fantsrvkm/include/tlstream.h	32902	0644	a1d86012920747fcb1b1a3eb208c43c5e278b5a2ed7ba39865e9ebc2150de795	56db23253941a67074b1fe1306fbb607	
f	usr/src/fantgpu-fh2m-kernel-2.2/fantsrvkm/include/trace_events.h	4406	0644	e24fb54c60fd4211b25245bec654a303e31b48b8b61c7d03e8aaedb696d6852e	c3b1fac7560cdf063536445bea6fcad0	
f	usr/src/fantgpu-fh2m-kernel-2.2/fantsrvkm/include/vmm_impl.h	8235	0644	4aa5b691423867570c1e390b44eaa27122ad8fff25f54b22db9888b75c66d63a	0462b0be136e03c116c531d91e7f047d	
f	usr/src/fantgpu-fh2m-kernel-2.2/fantsrvkm/include/vz_vmm_pvz.h	4124	0644	0e90915420f29227ac3a04788ac1bf7c5d0f1ac9e2931f5d1dc8752bb3360a5f	2202c8a8d3990c394992f835d67c1cbb	
f	usr/src/fantgpu-fh2m-kernel-2.2/fantsrvkm/pdp0_common.c	6780	0644	8416ee7164120e360cdd4d0bf0331fba7a3a1b0329a98d229ec9f18308f52d60	2c12b519dc64199148bac2c1cd76c0ad	
f	usr/src/fantgpu-fh2m-kernel-2.2/fantsrvkm/pdp0_crtc.c	60470	0644	d569e5c58dff338e7f2c62bb93c85397b03b2df47cfc7ff2d90b4bc775293301	1e201b70ab592b1d195d7ecf1a49dba4	
f	usr/src/fantgpu-fh2m-kernel-2.2/fantsrvkm/pdp0_drv.c	13348	0644	1ccd92ae9eb1d85d75d303d7c3285f1e231356b2bc8001363917afce21ae8517	e8505ec70b8a6a000a77f8800a44cacf	
f	usr/src/fantgpu-fh2m-kernel-2.2/fantsrvkm/pdp0_plane.c	25009	0644	f9a769f5736a328fbc60d7bf3bda8711c9f6270714624619613e6eb9bc3a5a29	4fb4e2855003ffd75fd42addc131d4d0	
f	usr/src/fantgpu-fh2m-kernel-2.2/fantsrvkm/trace_events.c	10892	0644	31a9a8d78d2cb444ce3e1780daa22c2833142f0f62cb1771f1833d7d37efaced	6efa348d34511349fa6fb22ad8a12b65	
d	usr/src/fantgpu-fh2m-kernel-2.2/fantvpu		0755			
f	usr/src/fantgpu-fh2m-kernel-2.2/fantvpu/Makefile	254	0644	79aad664611c9e4b27d4c4b1ab0b4513fd3adb302a02fd5399ace5c35b0d0e78	17deb374822cc620bf674426d300082b	
f	usr/src/fantgpu-fh2m-kernel-2.2/fantvpu/fantvpu.h	3318	0644	f44030e93d6726e0af0a67b6d1afc7733251d6a8709535316ec567fc65820cb1	7d8557c176328a09e4737032ceffab17	
f	usr/src/fantgpu-fh2m-kernel-2.2/fantvpu/fantvpu.o_shipped	3470552	0644	301590d04789cd314d5ca14d505045afc71520b0046111f91aa14d9f80008708	acd7770b24674475b3e527240f17b794	
f	usr/src/fantgpu-fh2m-kernel-2.2/fantvpu/fantvpu_common.h	6539	0644	63387c5d3cb77f5aeab409cc32667fadefa2a0119ecca025dffab6d4c5698dae	bf7c47efe9060d1c5156cc54d6b3a8b3	
f	usr/src/fantgpu-fh2m-kernel-2.2/fantvpu/fantvpu_dmabuf.c	26610	0644	c8fec309ba18a9d5bf148e322a414aa70b7c30c990e6522b6435531c4247f3d4	4602e93688377dc208fc9132a2198c0f	
f	usr/src/fantgpu-fh2m-kernel-2.2/fantvpu/fantvpu_dmabuf.h	3551	0644	906b74e3f7be9609ffb5696f533e838a270ea16b5b6ba581890f9e9b6cc9b452	57c3ed6b6832fd9d8549436c2a32debc	
f	usr/src/fantgpu-fh2m-kernel-2.2/fantvpu/fantvpu_drv.c	111067	0644	0ea6102233bb73d1185e543f851d8505cc4ab53abb927420c58343c058e2117e	edbc4077f385f9144b402ed68ebab3dc	
f	usr/src/fantgpu-fh2m-kernel-2.2/fantvpu/fantvpu_drv.h	2538	0644	5e6db0ee66b708178d611c06efff46c85f390153cb9b22ca9b518904490a6f3a	dbc7b9bbf54004e2c4f9a7632785cb10	
f	usr/src/fantgpu-fh2m-kernel-2.2/fantvpu/fantvpu_for_umd.h	14269	0644	ad31a8380fb93fd267bbb57a39231ce8e89c9bd697b9664b5e76dab7b6af50e1	bcefb57229c5f2f87854a416a3999ad2	
f	usr/src/fantgpu-fh2m-kernel-2.2/fantvpu/fantvpu_internal.h	17399	0644	24d8b1c3e2bc6a8694e2839b4a9c408146299f7ae57f344b628bb88610d65150	3375ebbdbcf61b71f105e8ea47c7f659	
f	usr/src/fantgpu-fh2m-kernel-2.2/modules_config.sh	377	0644	ea5c73d27371e13f24cdcc51a1e9027169e1043505ca62500bfd1f0a0f8b4945	473b99a016f2341da415452657585a0d	
f	usr/src/fantgpu-fh2m-kernel-2.2/test_item.sh	4259	0644	360674d6fd82f9cb2ce9ebfa32f7c8b1963c05dabdb7d10551c7fe5f19386fe9	f049a23add2c9043159a9228d1509d8d	
d	usr/src/fantgpu-fh2m-kernel-2.2/tools		0755			
f	usr/src/fantgpu-fh2m-kernel-2.2/tools/Makefile	3098	0644	468e4bc112c6e98b7c3506781737cb82400790c932479a646259de07f9af3083	3335072537bebf6b0520de031fc19230	
d	usr/src/fantgpu-fh2m-kernel-2.2/tools/gpu_info		0755			
f	usr/src/fantgpu-fh2m-kernel-2.2/tools/gpu_info/gpu_info.c	15996	0644	2eba52abfbebc6565cf27c0705b985aa30a2a5321aa6c4b01d96c7e4616643e2	950700ac64d985e69c4e85c40159390a	
f	usr/src/fantgpu-fh2m-kernel-2.2/tools/gpu_info/gpu_info.h	2443	0644	9b4df04dea0b70c3f03dd9f48a30726af3918c3c037dd7e9042abfed6f87e22f	6ca02e6c8ff0271153e3b7de2c434515	
f	usr/src/fantgpu-fh2m-kernel-2.2/tools/gpu_info/gpu_info_fantml.c	41663	0644	e69f1b49fa11c57ed800d8e00cb29fbdd644f209bd754ec87233094ce4cea685	6d55ff490c087a3d904ffb879679c4fa	
f	usr/src/fantgpu-fh2m-kernel-2.2/tools/gpu_info/gpu_info_fantml.h	1228	0644	4940385a53e00ce57acaed674965f6ef4483f43be80ec2bc8aa69d178f7d8ba4	627e33f77db4b6365b2f845bd2cd053c	
f	usr/src/fantgpu-fh2m-kernel-2.2/tools/gpu_info/gpu_info_fantml_km.h	13203	0644	88a25ac09f06dace3b4ca668ae7c3f483288014055c698dbd13a7a845a19f141	68d41d5e1fef7b09e29b64e7b167c258	
f	usr/src/fantgpu-fh2m-kernel-2.2/tools/gpu_info/gpu_info_y8.c	5133	0644	12d767f4fc8778ada3afa6bc0e0f8f7aa4e3623e9ce04ecfadb26ae2fcc2f993	01d5afbada427d43840dd7b81be4d979	
f	usr/src/fantgpu-fh2m-kernel-2.2/tools/gpu_info/gpu_info_y8.h	2527	0644	4b41256ab8ff9f484570cb8cc88846370744f823bf2ef6e8837f1748b1b87d57	7b35604518f5b12f35d02a9fe26e0d62	
f	usr/src/fantgpu-fh2m-kernel-2.2/tools/gpu_info/kgc_gpu_info.c	15844	0644	c674c3ac8a7813d733f4c4ab4e0052c7b071a5dc759411abd04375ab1e2fa756	442fc3d4d83d16d83659135524f5fb48	
f	usr/src/fantgpu-fh2m-kernel-2.2/tools/gpu_info/kgc_gpu_info.h	4714	0644	05beff31fc6e9e7b96f738122040b194ffb328938c6955cf72d6949acb1d6b48	dc8bb4fd33d73282b50fe36495f9c72c	
d	usr/src/fantgpu-fh2m-kernel-2.2/tools/kernel_api_support_test		0755			
f	usr/src/fantgpu-fh2m-kernel-2.2/tools/kernel_api_support_test/Makefile	2794	0644	6bfbbc75ce14a91d3105dcf5ca0f58286a8bc7a8e11eefbf92d382a822fde3a7	a188a68bcf218c7d27845bdb40a591bb	
f	usr/src/fantgpu-fh2m-kernel-2.2/tools/kernel_api_support_test/kernel_api_support_test.c	419	0644	ead62b77d5503f3808fbdd7ddfca7cdb16f93bc7df9940f0c5936b20e411e488	33996b7a6d0965461c7dbc4b77aa5409	
